2025-04-02 17:28:32,640 - face_evaluator - DEBUG - ./output/clustered_faces/person_2/frame_75_face_3.jpg
2025-04-02 17:28:32,640 - face_evaluator - DEBUG -   Sharpness=11.9 => 0.01
2025-04-02 17:28:32,640 - face_evaluator - DEBUG -   Brightness=105.1 => 0.82
2025-04-02 17:28:32,640 - face_evaluator - DEBUG -   Coverage=0.704
2025-04-02 17:28:32,640 - face_evaluator - DEBUG -   CenterDist=0.119 => 0.881
2025-04-02 17:28:32,640 - face_evaluator - DEBUG -   Frontalness=0.900
2025-04-02 17:28:32,640 - face_evaluator - DEBUG -   EyesOpen=0.827
2025-04-02 17:28:32,640 - face_evaluator - DEBUG -   Resolution Score=27600 px => 0.055
2025-04-02 17:28:32,640 - face_evaluator - DEBUG -   => final_score=0.585
2025-04-02 17:28:32,667 - face_evaluator - DEBUG - ./output/clustered_faces/person_2/frame_165_face_1.jpg
2025-04-02 17:28:32,667 - face_evaluator - DEBUG -   Sharpness=12.8 => 0.01
2025-04-02 17:28:32,667 - face_evaluator - DEBUG -   Brightness=99.3 => 0.78
2025-04-02 17:28:32,667 - face_evaluator - DEBUG -   Coverage=0.899
2025-04-02 17:28:32,667 - face_evaluator - DEBUG -   CenterDist=0.148 => 0.852
2025-04-02 17:28:32,667 - face_evaluator - DEBUG -   Frontalness=0.896
2025-04-02 17:28:32,667 - face_evaluator - DEBUG -   EyesOpen=0.257
2025-04-02 17:28:32,667 - face_evaluator - DEBUG -   Resolution Score=27450 px => 0.055
2025-04-02 17:28:32,667 - face_evaluator - DEBUG -   => final_score=0.529
2025-04-02 17:28:32,692 - face_evaluator - DEBUG - ./output/clustered_faces/person_2/frame_205_face_1.jpg
2025-04-02 17:28:32,692 - face_evaluator - DEBUG -   Sharpness=12.2 => 0.01
2025-04-02 17:28:32,692 - face_evaluator - DEBUG -   Brightness=101.6 => 0.79
2025-04-02 17:28:32,692 - face_evaluator - DEBUG -   Coverage=0.870
2025-04-02 17:28:32,692 - face_evaluator - DEBUG -   CenterDist=0.146 => 0.854
2025-04-02 17:28:32,692 - face_evaluator - DEBUG -   Frontalness=0.909
2025-04-02 17:28:32,692 - face_evaluator - DEBUG -   EyesOpen=0.841
2025-04-02 17:28:32,692 - face_evaluator - DEBUG -   Resolution Score=27600 px => 0.055
2025-04-02 17:28:32,692 - face_evaluator - DEBUG -   => final_score=0.605
2025-04-02 17:28:32,723 - face_evaluator - DEBUG - ./output/clustered_faces/person_2/frame_200_face_1.jpg
2025-04-02 17:28:32,723 - face_evaluator - DEBUG -   Sharpness=14.8 => 0.01
2025-04-02 17:28:32,723 - face_evaluator - DEBUG -   Brightness=103.8 => 0.81
2025-04-02 17:28:32,723 - face_evaluator - DEBUG -   Coverage=0.891
2025-04-02 17:28:32,723 - face_evaluator - DEBUG -   CenterDist=0.159 => 0.841
2025-04-02 17:28:32,723 - face_evaluator - DEBUG -   Frontalness=0.740
2025-04-02 17:28:32,723 - face_evaluator - DEBUG -   EyesOpen=0.625
2025-04-02 17:28:32,723 - face_evaluator - DEBUG -   Resolution Score=27000 px => 0.054
2025-04-02 17:28:32,723 - face_evaluator - DEBUG -   => final_score=0.559
2025-04-02 17:28:32,748 - face_evaluator - DEBUG - ./output/clustered_faces/person_2/frame_160_face_1.jpg
2025-04-02 17:28:32,748 - face_evaluator - DEBUG -   Sharpness=14.0 => 0.01
2025-04-02 17:28:32,748 - face_evaluator - DEBUG -   Brightness=100.0 => 0.78
2025-04-02 17:28:32,748 - face_evaluator - DEBUG -   Coverage=0.868
2025-04-02 17:28:32,748 - face_evaluator - DEBUG -   CenterDist=0.126 => 0.874
2025-04-02 17:28:32,748 - face_evaluator - DEBUG -   Frontalness=0.946
2025-04-02 17:28:32,748 - face_evaluator - DEBUG -   EyesOpen=0.455
2025-04-02 17:28:32,748 - face_evaluator - DEBUG -   Resolution Score=28050 px => 0.056
2025-04-02 17:28:32,748 - face_evaluator - DEBUG -   => final_score=0.560
2025-04-02 17:28:32,776 - face_evaluator - DEBUG - ./output/clustered_faces/person_2/frame_330_face_2.jpg
2025-04-02 17:28:32,776 - face_evaluator - DEBUG -   Sharpness=12.5 => 0.01
2025-04-02 17:28:32,776 - face_evaluator - DEBUG -   Brightness=100.2 => 0.78
2025-04-02 17:28:32,776 - face_evaluator - DEBUG -   Coverage=1.046
2025-04-02 17:28:32,776 - face_evaluator - DEBUG -   CenterDist=0.175 => 0.825
2025-04-02 17:28:32,776 - face_evaluator - DEBUG -   Frontalness=0.819
2025-04-02 17:28:32,776 - face_evaluator - DEBUG -   EyesOpen=0.496
2025-04-02 17:28:32,776 - face_evaluator - DEBUG -   Resolution Score=28800 px => 0.058
2025-04-02 17:28:32,776 - face_evaluator - DEBUG -   => final_score=0.570
2025-04-02 17:28:32,805 - face_evaluator - DEBUG - ./output/clustered_faces/person_2/frame_15_face_2.jpg
2025-04-02 17:28:32,805 - face_evaluator - DEBUG -   Sharpness=11.3 => 0.01
2025-04-02 17:28:32,805 - face_evaluator - DEBUG -   Brightness=102.2 => 0.80
2025-04-02 17:28:32,805 - face_evaluator - DEBUG -   Coverage=0.685
2025-04-02 17:28:32,805 - face_evaluator - DEBUG -   CenterDist=0.133 => 0.867
2025-04-02 17:28:32,805 - face_evaluator - DEBUG -   Frontalness=0.908
2025-04-02 17:28:32,805 - face_evaluator - DEBUG -   EyesOpen=0.805
2025-04-02 17:28:32,805 - face_evaluator - DEBUG -   Resolution Score=27600 px => 0.055
2025-04-02 17:28:32,805 - face_evaluator - DEBUG -   => final_score=0.574
2025-04-02 17:28:32,832 - face_evaluator - DEBUG - ./output/clustered_faces/person_2/frame_55_face_3.jpg
2025-04-02 17:28:32,832 - face_evaluator - DEBUG -   Sharpness=11.6 => 0.01
2025-04-02 17:28:32,832 - face_evaluator - DEBUG -   Brightness=101.5 => 0.79
2025-04-02 17:28:32,832 - face_evaluator - DEBUG -   Coverage=0.849
2025-04-02 17:28:32,832 - face_evaluator - DEBUG -   CenterDist=0.090 => 0.910
2025-04-02 17:28:32,833 - face_evaluator - DEBUG -   Frontalness=0.771
2025-04-02 17:28:32,833 - face_evaluator - DEBUG -   EyesOpen=0.608
2025-04-02 17:28:32,833 - face_evaluator - DEBUG -   Resolution Score=27450 px => 0.055
2025-04-02 17:28:32,833 - face_evaluator - DEBUG -   => final_score=0.561
2025-04-02 17:28:32,859 - face_evaluator - DEBUG - ./output/clustered_faces/person_2/frame_170_face_1.jpg
2025-04-02 17:28:32,859 - face_evaluator - DEBUG -   Sharpness=17.3 => 0.02
2025-04-02 17:28:32,859 - face_evaluator - DEBUG -   Brightness=105.2 => 0.82
2025-04-02 17:28:32,859 - face_evaluator - DEBUG -   Coverage=0.821
2025-04-02 17:28:32,859 - face_evaluator - DEBUG -   CenterDist=0.169 => 0.831
2025-04-02 17:28:32,859 - face_evaluator - DEBUG -   Frontalness=0.817
2025-04-02 17:28:32,859 - face_evaluator - DEBUG -   EyesOpen=0.521
2025-04-02 17:28:32,859 - face_evaluator - DEBUG -   Resolution Score=27000 px => 0.054
2025-04-02 17:28:32,859 - face_evaluator - DEBUG -   => final_score=0.546
2025-04-02 17:28:32,884 - face_evaluator - DEBUG - ./output/clustered_faces/person_2/frame_85_face_2.jpg
2025-04-02 17:28:32,884 - face_evaluator - DEBUG -   Sharpness=11.9 => 0.01
2025-04-02 17:28:32,884 - face_evaluator - DEBUG -   Brightness=101.0 => 0.79
2025-04-02 17:28:32,884 - face_evaluator - DEBUG -   Coverage=0.852
2025-04-02 17:28:32,884 - face_evaluator - DEBUG -   CenterDist=0.127 => 0.873
2025-04-02 17:28:32,884 - face_evaluator - DEBUG -   Frontalness=0.910
2025-04-02 17:28:32,884 - face_evaluator - DEBUG -   EyesOpen=0.000
2025-04-02 17:28:32,884 - face_evaluator - DEBUG -   Resolution Score=29250 px => 0.059
2025-04-02 17:28:32,884 - face_evaluator - DEBUG -   => final_score=0.495
2025-04-02 17:28:32,907 - face_evaluator - DEBUG - ./output/clustered_faces/person_2/frame_150_face_3.jpg
2025-04-02 17:28:32,907 - face_evaluator - DEBUG -   Sharpness=13.2 => 0.01
2025-04-02 17:28:32,907 - face_evaluator - DEBUG -   Brightness=105.6 => 0.82
2025-04-02 17:28:32,907 - face_evaluator - DEBUG -   Coverage=1.042
2025-04-02 17:28:32,907 - face_evaluator - DEBUG -   CenterDist=0.138 => 0.862
2025-04-02 17:28:32,907 - face_evaluator - DEBUG -   Frontalness=0.968
2025-04-02 17:28:32,907 - face_evaluator - DEBUG -   EyesOpen=0.540
2025-04-02 17:28:32,907 - face_evaluator - DEBUG -   Resolution Score=28200 px => 0.056
2025-04-02 17:28:32,907 - face_evaluator - DEBUG -   => final_score=0.606
2025-04-02 17:28:32,928 - face_evaluator - DEBUG - ./output/clustered_faces/person_2/frame_100_face_2.jpg
2025-04-02 17:28:32,929 - face_evaluator - DEBUG -   Sharpness=9.0 => 0.01
2025-04-02 17:28:32,929 - face_evaluator - DEBUG -   Brightness=100.5 => 0.79
2025-04-02 17:28:32,929 - face_evaluator - DEBUG -   Coverage=0.985
2025-04-02 17:28:32,929 - face_evaluator - DEBUG -   CenterDist=0.113 => 0.887
2025-04-02 17:28:32,929 - face_evaluator - DEBUG -   Frontalness=0.258
2025-04-02 17:28:32,929 - face_evaluator - DEBUG -   EyesOpen=0.439
2025-04-02 17:28:32,929 - face_evaluator - DEBUG -   Resolution Score=30150 px => 0.060
2025-04-02 17:28:32,929 - face_evaluator - DEBUG -   => final_score=0.488
2025-04-02 17:28:32,956 - face_evaluator - DEBUG - ./output/clustered_faces/person_2/frame_230_face_1.jpg
2025-04-02 17:28:32,956 - face_evaluator - DEBUG -   Sharpness=11.9 => 0.01
2025-04-02 17:28:32,956 - face_evaluator - DEBUG -   Brightness=100.8 => 0.79
2025-04-02 17:28:32,956 - face_evaluator - DEBUG -   Coverage=1.032
2025-04-02 17:28:32,956 - face_evaluator - DEBUG -   CenterDist=0.068 => 0.932
2025-04-02 17:28:32,956 - face_evaluator - DEBUG -   Frontalness=0.933
2025-04-02 17:28:32,956 - face_evaluator - DEBUG -   EyesOpen=0.444
2025-04-02 17:28:32,956 - face_evaluator - DEBUG -   Resolution Score=28050 px => 0.056
2025-04-02 17:28:32,956 - face_evaluator - DEBUG -   => final_score=0.590
2025-04-02 17:28:32,979 - face_evaluator - DEBUG - ./output/clustered_faces/person_2/frame_195_face_2.jpg
2025-04-02 17:28:32,980 - face_evaluator - DEBUG -   Sharpness=15.9 => 0.02
2025-04-02 17:28:32,980 - face_evaluator - DEBUG -   Brightness=104.2 => 0.81
2025-04-02 17:28:32,980 - face_evaluator - DEBUG -   Coverage=0.736
2025-04-02 17:28:32,980 - face_evaluator - DEBUG -   CenterDist=0.105 => 0.895
2025-04-02 17:28:32,980 - face_evaluator - DEBUG -   Frontalness=0.959
2025-04-02 17:28:32,980 - face_evaluator - DEBUG -   EyesOpen=0.513
2025-04-02 17:28:32,982 - face_evaluator - DEBUG -   Resolution Score=27000 px => 0.054
2025-04-02 17:28:32,982 - face_evaluator - DEBUG -   => final_score=0.558
2025-04-02 17:28:33,009 - face_evaluator - DEBUG - ./output/clustered_faces/person_2/frame_0_face_1.jpg
2025-04-02 17:28:33,009 - face_evaluator - DEBUG -   Sharpness=12.5 => 0.01
2025-04-02 17:28:33,009 - face_evaluator - DEBUG -   Brightness=100.4 => 0.78
2025-04-02 17:28:33,009 - face_evaluator - DEBUG -   Coverage=1.002
2025-04-02 17:28:33,009 - face_evaluator - DEBUG -   CenterDist=0.077 => 0.923
2025-04-02 17:28:33,009 - face_evaluator - DEBUG -   Frontalness=0.834
2025-04-02 17:28:33,009 - face_evaluator - DEBUG -   EyesOpen=0.769
2025-04-02 17:28:33,009 - face_evaluator - DEBUG -   Resolution Score=26850 px => 0.054
2025-04-02 17:28:33,009 - face_evaluator - DEBUG -   => final_score=0.613
2025-04-02 17:28:33,034 - face_evaluator - DEBUG - ./output/clustered_faces/person_2/frame_275_face_2.jpg
2025-04-02 17:28:33,034 - face_evaluator - DEBUG -   Sharpness=11.9 => 0.01
2025-04-02 17:28:33,034 - face_evaluator - DEBUG -   Brightness=101.3 => 0.79
2025-04-02 17:28:33,034 - face_evaluator - DEBUG -   Coverage=0.886
2025-04-02 17:28:33,034 - face_evaluator - DEBUG -   CenterDist=0.105 => 0.895
2025-04-02 17:28:33,034 - face_evaluator - DEBUG -   Frontalness=0.946
2025-04-02 17:28:33,034 - face_evaluator - DEBUG -   EyesOpen=0.256
2025-04-02 17:28:33,034 - face_evaluator - DEBUG -   Resolution Score=28050 px => 0.056
2025-04-02 17:28:33,034 - face_evaluator - DEBUG -   => final_score=0.541
2025-04-02 17:28:33,058 - face_evaluator - DEBUG - ./output/clustered_faces/person_2/frame_125_face_0.jpg
2025-04-02 17:28:33,059 - face_evaluator - DEBUG -   Sharpness=12.4 => 0.01
2025-04-02 17:28:33,059 - face_evaluator - DEBUG -   Brightness=99.2 => 0.77
2025-04-02 17:28:33,059 - face_evaluator - DEBUG -   Coverage=0.870
2025-04-02 17:28:33,059 - face_evaluator - DEBUG -   CenterDist=0.135 => 0.865
2025-04-02 17:28:33,059 - face_evaluator - DEBUG -   Frontalness=0.395
2025-04-02 17:28:33,059 - face_evaluator - DEBUG -   EyesOpen=0.463
2025-04-02 17:28:33,059 - face_evaluator - DEBUG -   Resolution Score=27450 px => 0.055
2025-04-02 17:28:33,059 - face_evaluator - DEBUG -   => final_score=0.487
2025-04-02 17:28:33,083 - face_evaluator - DEBUG - ./output/clustered_faces/person_2/frame_325_face_2.jpg
2025-04-02 17:28:33,083 - face_evaluator - DEBUG -   Sharpness=12.9 => 0.01
2025-04-02 17:28:33,083 - face_evaluator - DEBUG -   Brightness=98.9 => 0.77
2025-04-02 17:28:33,084 - face_evaluator - DEBUG -   Coverage=0.740
2025-04-02 17:28:33,084 - face_evaluator - DEBUG -   CenterDist=0.122 => 0.878
2025-04-02 17:28:33,084 - face_evaluator - DEBUG -   Frontalness=0.751
2025-04-02 17:28:33,084 - face_evaluator - DEBUG -   EyesOpen=0.346
2025-04-02 17:28:33,084 - face_evaluator - DEBUG -   Resolution Score=27900 px => 0.056
2025-04-02 17:28:33,084 - face_evaluator - DEBUG -   => final_score=0.500
2025-04-02 17:28:33,110 - face_evaluator - DEBUG - ./output/clustered_faces/person_2/frame_105_face_1.jpg
2025-04-02 17:28:33,111 - face_evaluator - DEBUG -   Sharpness=12.0 => 0.01
2025-04-02 17:28:33,111 - face_evaluator - DEBUG -   Brightness=105.6 => 0.82
2025-04-02 17:28:33,111 - face_evaluator - DEBUG -   Coverage=1.018
2025-04-02 17:28:33,111 - face_evaluator - DEBUG -   CenterDist=0.127 => 0.873
2025-04-02 17:28:33,111 - face_evaluator - DEBUG -   Frontalness=0.650
2025-04-02 17:28:33,111 - face_evaluator - DEBUG -   EyesOpen=0.674
2025-04-02 17:28:33,111 - face_evaluator - DEBUG -   Resolution Score=28950 px => 0.058
2025-04-02 17:28:33,111 - face_evaluator - DEBUG -   => final_score=0.579
2025-04-02 17:28:33,135 - face_evaluator - DEBUG - ./output/clustered_faces/person_2/frame_140_face_1.jpg
2025-04-02 17:28:33,135 - face_evaluator - DEBUG -   Sharpness=12.1 => 0.01
2025-04-02 17:28:33,135 - face_evaluator - DEBUG -   Brightness=100.7 => 0.79
2025-04-02 17:28:33,135 - face_evaluator - DEBUG -   Coverage=0.845
2025-04-02 17:28:33,135 - face_evaluator - DEBUG -   CenterDist=0.071 => 0.929
2025-04-02 17:28:33,135 - face_evaluator - DEBUG -   Frontalness=0.793
2025-04-02 17:28:33,135 - face_evaluator - DEBUG -   EyesOpen=0.435
2025-04-02 17:28:33,135 - face_evaluator - DEBUG -   Resolution Score=27450 px => 0.055
2025-04-02 17:28:33,136 - face_evaluator - DEBUG -   => final_score=0.542
2025-04-02 17:28:33,163 - face_evaluator - DEBUG - ./output/clustered_faces/person_2/frame_220_face_1.jpg
2025-04-02 17:28:33,164 - face_evaluator - DEBUG -   Sharpness=16.1 => 0.02
2025-04-02 17:28:33,164 - face_evaluator - DEBUG -   Brightness=106.4 => 0.83
2025-04-02 17:28:33,164 - face_evaluator - DEBUG -   Coverage=1.241
2025-04-02 17:28:33,164 - face_evaluator - DEBUG -   CenterDist=0.054 => 0.946
2025-04-02 17:28:33,164 - face_evaluator - DEBUG -   Frontalness=0.878
2025-04-02 17:28:33,164 - face_evaluator - DEBUG -   EyesOpen=0.502
2025-04-02 17:28:33,164 - face_evaluator - DEBUG -   Resolution Score=27000 px => 0.054
2025-04-02 17:28:33,164 - face_evaluator - DEBUG -   => final_score=0.631
2025-04-02 17:28:33,191 - face_evaluator - DEBUG - ./output/clustered_faces/person_2/frame_250_face_1.jpg
2025-04-02 17:28:33,191 - face_evaluator - DEBUG -   Sharpness=13.6 => 0.01
2025-04-02 17:28:33,191 - face_evaluator - DEBUG -   Brightness=103.3 => 0.81
2025-04-02 17:28:33,191 - face_evaluator - DEBUG -   Coverage=0.928
2025-04-02 17:28:33,191 - face_evaluator - DEBUG -   CenterDist=0.151 => 0.849
2025-04-02 17:28:33,191 - face_evaluator - DEBUG -   Frontalness=0.925
2025-04-02 17:28:33,191 - face_evaluator - DEBUG -   EyesOpen=0.722
2025-04-02 17:28:33,192 - face_evaluator - DEBUG -   Resolution Score=28800 px => 0.058
2025-04-02 17:28:33,192 - face_evaluator - DEBUG -   => final_score=0.602
2025-04-02 17:28:33,216 - face_evaluator - DEBUG - ./output/clustered_faces/person_2/frame_10_face_2.jpg
2025-04-02 17:28:33,216 - face_evaluator - DEBUG -   Sharpness=11.0 => 0.01
2025-04-02 17:28:33,216 - face_evaluator - DEBUG -   Brightness=102.0 => 0.80
2025-04-02 17:28:33,216 - face_evaluator - DEBUG -   Coverage=0.588
2025-04-02 17:28:33,216 - face_evaluator - DEBUG -   CenterDist=0.147 => 0.853
2025-04-02 17:28:33,216 - face_evaluator - DEBUG -   Frontalness=0.848
2025-04-02 17:28:33,216 - face_evaluator - DEBUG -   EyesOpen=0.619
2025-04-02 17:28:33,216 - face_evaluator - DEBUG -   Resolution Score=27600 px => 0.055
2025-04-02 17:28:33,216 - face_evaluator - DEBUG -   => final_score=0.526
2025-04-02 17:28:33,240 - face_evaluator - DEBUG - ./output/clustered_faces/person_2/frame_135_face_1.jpg
2025-04-02 17:28:33,240 - face_evaluator - DEBUG -   Sharpness=12.8 => 0.01
2025-04-02 17:28:33,240 - face_evaluator - DEBUG -   Brightness=103.5 => 0.81
2025-04-02 17:28:33,240 - face_evaluator - DEBUG -   Coverage=0.806
2025-04-02 17:28:33,240 - face_evaluator - DEBUG -   CenterDist=0.123 => 0.877
2025-04-02 17:28:33,240 - face_evaluator - DEBUG -   Frontalness=0.787
2025-04-02 17:28:33,240 - face_evaluator - DEBUG -   EyesOpen=0.412
2025-04-02 17:28:33,240 - face_evaluator - DEBUG -   Resolution Score=28950 px => 0.058
2025-04-02 17:28:33,240 - face_evaluator - DEBUG -   => final_score=0.529
2025-04-02 17:28:33,265 - face_evaluator - DEBUG - ./output/clustered_faces/person_2/frame_320_face_2.jpg
2025-04-02 17:28:33,265 - face_evaluator - DEBUG -   Sharpness=8.6 => 0.01
2025-04-02 17:28:33,265 - face_evaluator - DEBUG -   Brightness=101.3 => 0.79
2025-04-02 17:28:33,265 - face_evaluator - DEBUG -   Coverage=0.793
2025-04-02 17:28:33,265 - face_evaluator - DEBUG -   CenterDist=0.251 => 0.749
2025-04-02 17:28:33,265 - face_evaluator - DEBUG -   Frontalness=0.133
2025-04-02 17:28:33,265 - face_evaluator - DEBUG -   EyesOpen=0.445
2025-04-02 17:28:33,265 - face_evaluator - DEBUG -   Resolution Score=31200 px => 0.062
2025-04-02 17:28:33,265 - face_evaluator - DEBUG -   => final_score=0.427
2025-04-02 17:28:33,289 - face_evaluator - DEBUG - ./output/clustered_faces/person_2/frame_80_face_2.jpg
2025-04-02 17:28:33,289 - face_evaluator - DEBUG -   Sharpness=12.2 => 0.01
2025-04-02 17:28:33,289 - face_evaluator - DEBUG -   Brightness=106.0 => 0.83
2025-04-02 17:28:33,289 - face_evaluator - DEBUG -   Coverage=0.895
2025-04-02 17:28:33,289 - face_evaluator - DEBUG -   CenterDist=0.138 => 0.862
2025-04-02 17:28:33,289 - face_evaluator - DEBUG -   Frontalness=0.840
2025-04-02 17:28:33,289 - face_evaluator - DEBUG -   EyesOpen=0.751
2025-04-02 17:28:33,289 - face_evaluator - DEBUG -   Resolution Score=28200 px => 0.056
2025-04-02 17:28:33,289 - face_evaluator - DEBUG -   => final_score=0.594
2025-04-02 17:28:33,317 - face_evaluator - DEBUG - ./output/clustered_faces/person_2/frame_35_face_0.jpg
2025-04-02 17:28:33,317 - face_evaluator - DEBUG -   Sharpness=15.3 => 0.02
2025-04-02 17:28:33,317 - face_evaluator - DEBUG -   Brightness=107.3 => 0.84
2025-04-02 17:28:33,317 - face_evaluator - DEBUG -   Coverage=1.065
2025-04-02 17:28:33,317 - face_evaluator - DEBUG -   CenterDist=0.159 => 0.841
2025-04-02 17:28:33,317 - face_evaluator - DEBUG -   Frontalness=0.794
2025-04-02 17:28:33,317 - face_evaluator - DEBUG -   EyesOpen=0.527
2025-04-02 17:28:33,317 - face_evaluator - DEBUG -   Resolution Score=27000 px => 0.054
2025-04-02 17:28:33,317 - face_evaluator - DEBUG -   => final_score=0.584
2025-04-02 17:28:33,341 - face_evaluator - DEBUG - ./output/clustered_faces/person_2/frame_280_face_2.jpg
2025-04-02 17:28:33,341 - face_evaluator - DEBUG -   Sharpness=13.7 => 0.01
2025-04-02 17:28:33,341 - face_evaluator - DEBUG -   Brightness=104.7 => 0.82
2025-04-02 17:28:33,341 - face_evaluator - DEBUG -   Coverage=0.874
2025-04-02 17:28:33,341 - face_evaluator - DEBUG -   CenterDist=0.150 => 0.850
2025-04-02 17:28:33,341 - face_evaluator - DEBUG -   Frontalness=0.888
2025-04-02 17:28:33,341 - face_evaluator - DEBUG -   EyesOpen=0.000
2025-04-02 17:28:33,341 - face_evaluator - DEBUG -   Resolution Score=28800 px => 0.058
2025-04-02 17:28:33,341 - face_evaluator - DEBUG -   => final_score=0.497
2025-04-02 17:28:33,365 - face_evaluator - DEBUG - ./output/clustered_faces/person_2/frame_50_face_2.jpg
2025-04-02 17:28:33,365 - face_evaluator - DEBUG -   Sharpness=11.4 => 0.01
2025-04-02 17:28:33,365 - face_evaluator - DEBUG -   Brightness=101.3 => 0.79
2025-04-02 17:28:33,365 - face_evaluator - DEBUG -   Coverage=0.755
2025-04-02 17:28:33,365 - face_evaluator - DEBUG -   CenterDist=0.090 => 0.910
2025-04-02 17:28:33,365 - face_evaluator - DEBUG -   Frontalness=0.698
2025-04-02 17:28:33,365 - face_evaluator - DEBUG -   EyesOpen=0.786
2025-04-02 17:28:33,365 - face_evaluator - DEBUG -   Resolution Score=28050 px => 0.056
2025-04-02 17:28:33,365 - face_evaluator - DEBUG -   => final_score=0.560
2025-04-02 17:28:33,386 - face_evaluator - DEBUG - ./output/clustered_faces/person_2/frame_70_face_3.jpg
2025-04-02 17:28:33,386 - face_evaluator - DEBUG -   Sharpness=11.3 => 0.01
2025-04-02 17:28:33,386 - face_evaluator - DEBUG -   Brightness=101.2 => 0.79
2025-04-02 17:28:33,386 - face_evaluator - DEBUG -   Coverage=0.771
2025-04-02 17:28:33,386 - face_evaluator - DEBUG -   CenterDist=0.093 => 0.907
2025-04-02 17:28:33,386 - face_evaluator - DEBUG -   Frontalness=0.626
2025-04-02 17:28:33,386 - face_evaluator - DEBUG -   EyesOpen=0.879
2025-04-02 17:28:33,386 - face_evaluator - DEBUG -   Resolution Score=27450 px => 0.055
2025-04-02 17:28:33,386 - face_evaluator - DEBUG -   => final_score=0.564
2025-04-02 17:28:33,410 - face_evaluator - DEBUG - ./output/clustered_faces/person_2/frame_180_face_1.jpg
2025-04-02 17:28:33,410 - face_evaluator - DEBUG -   Sharpness=13.8 => 0.01
2025-04-02 17:28:33,410 - face_evaluator - DEBUG -   Brightness=98.2 => 0.77
2025-04-02 17:28:33,410 - face_evaluator - DEBUG -   Coverage=0.736
2025-04-02 17:28:33,410 - face_evaluator - DEBUG -   CenterDist=0.200 => 0.800
2025-04-02 17:28:33,410 - face_evaluator - DEBUG -   Frontalness=0.892
2025-04-02 17:28:33,410 - face_evaluator - DEBUG -   EyesOpen=0.560
2025-04-02 17:28:33,410 - face_evaluator - DEBUG -   Resolution Score=25200 px => 0.050
2025-04-02 17:28:33,411 - face_evaluator - DEBUG -   => final_score=0.535
2025-04-02 17:28:33,435 - face_evaluator - DEBUG - ./output/clustered_faces/person_2/frame_40_face_1.jpg
2025-04-02 17:28:33,435 - face_evaluator - DEBUG -   Sharpness=11.5 => 0.01
2025-04-02 17:28:33,435 - face_evaluator - DEBUG -   Brightness=101.2 => 0.79
2025-04-02 17:28:33,435 - face_evaluator - DEBUG -   Coverage=0.715
2025-04-02 17:28:33,435 - face_evaluator - DEBUG -   CenterDist=0.098 => 0.902
2025-04-02 17:28:33,435 - face_evaluator - DEBUG -   Frontalness=0.842
2025-04-02 17:28:33,435 - face_evaluator - DEBUG -   EyesOpen=0.667
2025-04-02 17:28:33,435 - face_evaluator - DEBUG -   Resolution Score=27450 px => 0.055
2025-04-02 17:28:33,435 - face_evaluator - DEBUG -   => final_score=0.556
2025-04-02 17:28:33,462 - face_evaluator - DEBUG - ./output/clustered_faces/person_2/frame_115_face_1.jpg
2025-04-02 17:28:33,463 - face_evaluator - DEBUG -   Sharpness=11.3 => 0.01
2025-04-02 17:28:33,463 - face_evaluator - DEBUG -   Brightness=101.1 => 0.79
2025-04-02 17:28:33,463 - face_evaluator - DEBUG -   Coverage=1.022
2025-04-02 17:28:33,463 - face_evaluator - DEBUG -   CenterDist=0.173 => 0.827
2025-04-02 17:28:33,463 - face_evaluator - DEBUG -   Frontalness=0.407
2025-04-02 17:28:33,463 - face_evaluator - DEBUG -   EyesOpen=0.547
2025-04-02 17:28:33,463 - face_evaluator - DEBUG -   Resolution Score=28350 px => 0.057
2025-04-02 17:28:33,463 - face_evaluator - DEBUG -   => final_score=0.520
2025-04-02 17:28:33,490 - face_evaluator - DEBUG - ./output/clustered_faces/person_2/frame_240_face_0.jpg
2025-04-02 17:28:33,490 - face_evaluator - DEBUG -   Sharpness=13.7 => 0.01
2025-04-02 17:28:33,490 - face_evaluator - DEBUG -   Brightness=99.9 => 0.78
2025-04-02 17:28:33,490 - face_evaluator - DEBUG -   Coverage=0.938
2025-04-02 17:28:33,490 - face_evaluator - DEBUG -   CenterDist=0.148 => 0.852
2025-04-02 17:28:33,490 - face_evaluator - DEBUG -   Frontalness=0.858
2025-04-02 17:28:33,490 - face_evaluator - DEBUG -   EyesOpen=0.610
2025-04-02 17:28:33,490 - face_evaluator - DEBUG -   Resolution Score=26850 px => 0.054
2025-04-02 17:28:33,490 - face_evaluator - DEBUG -   => final_score=0.576
2025-04-02 17:28:33,514 - face_evaluator - DEBUG - ./output/clustered_faces/person_2/frame_130_face_0.jpg
2025-04-02 17:28:33,514 - face_evaluator - DEBUG -   Sharpness=12.6 => 0.01
2025-04-02 17:28:33,514 - face_evaluator - DEBUG -   Brightness=101.6 => 0.79
2025-04-02 17:28:33,514 - face_evaluator - DEBUG -   Coverage=0.733
2025-04-02 17:28:33,514 - face_evaluator - DEBUG -   CenterDist=0.125 => 0.875
2025-04-02 17:28:33,514 - face_evaluator - DEBUG -   Frontalness=0.606
2025-04-02 17:28:33,514 - face_evaluator - DEBUG -   EyesOpen=0.179
2025-04-02 17:28:33,514 - face_evaluator - DEBUG -   Resolution Score=28950 px => 0.058
2025-04-02 17:28:33,515 - face_evaluator - DEBUG -   => final_score=0.462
2025-04-02 17:28:33,539 - face_evaluator - DEBUG - ./output/clustered_faces/person_2/frame_20_face_3.jpg
2025-04-02 17:28:33,539 - face_evaluator - DEBUG -   Sharpness=11.8 => 0.01
2025-04-02 17:28:33,539 - face_evaluator - DEBUG -   Brightness=100.6 => 0.79
2025-04-02 17:28:33,539 - face_evaluator - DEBUG -   Coverage=0.714
2025-04-02 17:28:33,539 - face_evaluator - DEBUG -   CenterDist=0.105 => 0.895
2025-04-02 17:28:33,539 - face_evaluator - DEBUG -   Frontalness=0.948
2025-04-02 17:28:33,539 - face_evaluator - DEBUG -   EyesOpen=0.644
2025-04-02 17:28:33,539 - face_evaluator - DEBUG -   Resolution Score=27450 px => 0.055
2025-04-02 17:28:33,539 - face_evaluator - DEBUG -   => final_score=0.565
2025-04-02 17:28:33,564 - face_evaluator - DEBUG - ./output/clustered_faces/person_2/frame_5_face_0.jpg
2025-04-02 17:28:33,564 - face_evaluator - DEBUG -   Sharpness=12.6 => 0.01
2025-04-02 17:28:33,564 - face_evaluator - DEBUG -   Brightness=103.6 => 0.81
2025-04-02 17:28:33,564 - face_evaluator - DEBUG -   Coverage=0.737
2025-04-02 17:28:33,564 - face_evaluator - DEBUG -   CenterDist=0.133 => 0.867
2025-04-02 17:28:33,564 - face_evaluator - DEBUG -   Frontalness=0.788
2025-04-02 17:28:33,564 - face_evaluator - DEBUG -   EyesOpen=0.797
2025-04-02 17:28:33,564 - face_evaluator - DEBUG -   Resolution Score=26400 px => 0.053
2025-04-02 17:28:33,564 - face_evaluator - DEBUG -   => final_score=0.567
2025-04-02 17:28:33,591 - face_evaluator - DEBUG - ./output/clustered_faces/person_2/frame_210_face_3.jpg
2025-04-02 17:28:33,591 - face_evaluator - DEBUG -   Sharpness=15.8 => 0.02
2025-04-02 17:28:33,592 - face_evaluator - DEBUG -   Brightness=105.7 => 0.83
2025-04-02 17:28:33,592 - face_evaluator - DEBUG -   Coverage=1.010
2025-04-02 17:28:33,592 - face_evaluator - DEBUG -   CenterDist=0.061 => 0.939
2025-04-02 17:28:33,592 - face_evaluator - DEBUG -   Frontalness=0.838
2025-04-02 17:28:33,592 - face_evaluator - DEBUG -   EyesOpen=0.531
2025-04-02 17:28:33,592 - face_evaluator - DEBUG -   Resolution Score=27000 px => 0.054
2025-04-02 17:28:33,592 - face_evaluator - DEBUG -   => final_score=0.593
2025-04-02 17:28:33,619 - face_evaluator - DEBUG - ./output/clustered_faces/person_2/frame_215_face_1.jpg
2025-04-02 17:28:33,619 - face_evaluator - DEBUG -   Sharpness=16.2 => 0.02
2025-04-02 17:28:33,619 - face_evaluator - DEBUG -   Brightness=105.3 => 0.82
2025-04-02 17:28:33,619 - face_evaluator - DEBUG -   Coverage=1.140
2025-04-02 17:28:33,619 - face_evaluator - DEBUG -   CenterDist=0.151 => 0.849
2025-04-02 17:28:33,619 - face_evaluator - DEBUG -   Frontalness=0.948
2025-04-02 17:28:33,619 - face_evaluator - DEBUG -   EyesOpen=0.573
2025-04-02 17:28:33,619 - face_evaluator - DEBUG -   Resolution Score=27000 px => 0.054
2025-04-02 17:28:33,619 - face_evaluator - DEBUG -   => final_score=0.620
2025-04-02 17:28:33,646 - face_evaluator - DEBUG - ./output/clustered_faces/person_2/frame_30_face_1.jpg
2025-04-02 17:28:33,646 - face_evaluator - DEBUG -   Sharpness=14.8 => 0.01
2025-04-02 17:28:33,646 - face_evaluator - DEBUG -   Brightness=107.4 => 0.84
2025-04-02 17:28:33,646 - face_evaluator - DEBUG -   Coverage=1.205
2025-04-02 17:28:33,646 - face_evaluator - DEBUG -   CenterDist=0.114 => 0.886
2025-04-02 17:28:33,646 - face_evaluator - DEBUG -   Frontalness=0.849
2025-04-02 17:28:33,646 - face_evaluator - DEBUG -   EyesOpen=0.682
2025-04-02 17:28:33,646 - face_evaluator - DEBUG -   Resolution Score=27000 px => 0.054
2025-04-02 17:28:33,646 - face_evaluator - DEBUG -   => final_score=0.638
2025-04-02 17:28:33,673 - face_evaluator - DEBUG - ./output/clustered_faces/person_2/frame_175_face_1.jpg
2025-04-02 17:28:33,673 - face_evaluator - DEBUG -   Sharpness=15.2 => 0.02
2025-04-02 17:28:33,673 - face_evaluator - DEBUG -   Brightness=100.3 => 0.78
2025-04-02 17:28:33,673 - face_evaluator - DEBUG -   Coverage=0.981
2025-04-02 17:28:33,673 - face_evaluator - DEBUG -   CenterDist=0.119 => 0.881
2025-04-02 17:28:33,673 - face_evaluator - DEBUG -   Frontalness=0.807
2025-04-02 17:28:33,673 - face_evaluator - DEBUG -   EyesOpen=0.304
2025-04-02 17:28:33,673 - face_evaluator - DEBUG -   Resolution Score=25650 px => 0.051
2025-04-02 17:28:33,673 - face_evaluator - DEBUG -   => final_score=0.540
2025-04-02 17:28:33,698 - face_evaluator - DEBUG - ./output/clustered_faces/person_2/frame_270_face_2.jpg
2025-04-02 17:28:33,698 - face_evaluator - DEBUG -   Sharpness=12.9 => 0.01
2025-04-02 17:28:33,698 - face_evaluator - DEBUG -   Brightness=101.9 => 0.80
2025-04-02 17:28:33,698 - face_evaluator - DEBUG -   Coverage=0.849
2025-04-02 17:28:33,698 - face_evaluator - DEBUG -   CenterDist=0.069 => 0.931
2025-04-02 17:28:33,698 - face_evaluator - DEBUG -   Frontalness=0.975
2025-04-02 17:28:33,698 - face_evaluator - DEBUG -   EyesOpen=0.440
2025-04-02 17:28:33,698 - face_evaluator - DEBUG -   Resolution Score=28050 px => 0.056
2025-04-02 17:28:33,698 - face_evaluator - DEBUG -   => final_score=0.569
2025-04-02 17:28:33,722 - face_evaluator - DEBUG - ./output/clustered_faces/person_2/frame_145_face_1.jpg
2025-04-02 17:28:33,722 - face_evaluator - DEBUG -   Sharpness=12.5 => 0.01
2025-04-02 17:28:33,722 - face_evaluator - DEBUG -   Brightness=102.0 => 0.80
2025-04-02 17:28:33,722 - face_evaluator - DEBUG -   Coverage=0.869
2025-04-02 17:28:33,722 - face_evaluator - DEBUG -   CenterDist=0.077 => 0.923
2025-04-02 17:28:33,723 - face_evaluator - DEBUG -   Frontalness=1.000
2025-04-02 17:28:33,723 - face_evaluator - DEBUG -   EyesOpen=0.582
2025-04-02 17:28:33,723 - face_evaluator - DEBUG -   Resolution Score=28050 px => 0.056
2025-04-02 17:28:33,723 - face_evaluator - DEBUG -   => final_score=0.592
2025-04-02 17:28:33,747 - face_evaluator - DEBUG - ./output/clustered_faces/person_2/frame_155_face_2.jpg
2025-04-02 17:28:33,747 - face_evaluator - DEBUG -   Sharpness=13.1 => 0.01
2025-04-02 17:28:33,747 - face_evaluator - DEBUG -   Brightness=101.2 => 0.79
2025-04-02 17:28:33,748 - face_evaluator - DEBUG -   Coverage=0.875
2025-04-02 17:28:33,748 - face_evaluator - DEBUG -   CenterDist=0.140 => 0.860
2025-04-02 17:28:33,748 - face_evaluator - DEBUG -   Frontalness=0.975
2025-04-02 17:28:33,748 - face_evaluator - DEBUG -   EyesOpen=0.553
2025-04-02 17:28:33,748 - face_evaluator - DEBUG -   Resolution Score=28050 px => 0.056
2025-04-02 17:28:33,748 - face_evaluator - DEBUG -   => final_score=0.577
2025-04-02 17:28:33,772 - face_evaluator - DEBUG - ./output/clustered_faces/person_2/frame_235_face_2.jpg
2025-04-02 17:28:33,772 - face_evaluator - DEBUG -   Sharpness=16.1 => 0.02
2025-04-02 17:28:33,772 - face_evaluator - DEBUG -   Brightness=96.9 => 0.76
2025-04-02 17:28:33,772 - face_evaluator - DEBUG -   Coverage=0.773
2025-04-02 17:28:33,772 - face_evaluator - DEBUG -   CenterDist=0.119 => 0.881
2025-04-02 17:28:33,772 - face_evaluator - DEBUG -   Frontalness=0.884
2025-04-02 17:28:33,772 - face_evaluator - DEBUG -   EyesOpen=0.599
2025-04-02 17:28:33,772 - face_evaluator - DEBUG -   Resolution Score=25950 px => 0.052
2025-04-02 17:28:33,772 - face_evaluator - DEBUG -   => final_score=0.554
2025-04-02 17:28:33,800 - face_evaluator - DEBUG - ./output/clustered_faces/person_2/frame_25_face_2.jpg
2025-04-02 17:28:33,800 - face_evaluator - DEBUG -   Sharpness=11.8 => 0.01
2025-04-02 17:28:33,800 - face_evaluator - DEBUG -   Brightness=101.2 => 0.79
2025-04-02 17:28:33,800 - face_evaluator - DEBUG -   Coverage=0.902
2025-04-02 17:28:33,800 - face_evaluator - DEBUG -   CenterDist=0.185 => 0.815
2025-04-02 17:28:33,800 - face_evaluator - DEBUG -   Frontalness=0.945
2025-04-02 17:28:33,800 - face_evaluator - DEBUG -   EyesOpen=0.731
2025-04-02 17:28:33,800 - face_evaluator - DEBUG -   Resolution Score=27450 px => 0.055
2025-04-02 17:28:33,800 - face_evaluator - DEBUG -   => final_score=0.594
2025-04-02 17:28:33,824 - face_evaluator - DEBUG - ./output/clustered_faces/person_2/frame_60_face_3.jpg
2025-04-02 17:28:33,824 - face_evaluator - DEBUG -   Sharpness=12.0 => 0.01
2025-04-02 17:28:33,824 - face_evaluator - DEBUG -   Brightness=102.4 => 0.80
2025-04-02 17:28:33,824 - face_evaluator - DEBUG -   Coverage=0.814
2025-04-02 17:28:33,824 - face_evaluator - DEBUG -   CenterDist=0.103 => 0.897
2025-04-02 17:28:33,825 - face_evaluator - DEBUG -   Frontalness=0.613
2025-04-02 17:28:33,825 - face_evaluator - DEBUG -   EyesOpen=0.855
2025-04-02 17:28:33,825 - face_evaluator - DEBUG -   Resolution Score=28050 px => 0.056
2025-04-02 17:28:33,825 - face_evaluator - DEBUG -   => final_score=0.566
2025-04-02 17:28:33,852 - face_evaluator - DEBUG - ./output/clustered_faces/person_2/frame_225_face_2.jpg
2025-04-02 17:28:33,852 - face_evaluator - DEBUG -   Sharpness=12.2 => 0.01
2025-04-02 17:28:33,852 - face_evaluator - DEBUG -   Brightness=104.6 => 0.82
2025-04-02 17:28:33,852 - face_evaluator - DEBUG -   Coverage=1.091
2025-04-02 17:28:33,852 - face_evaluator - DEBUG -   CenterDist=0.117 => 0.883
2025-04-02 17:28:33,852 - face_evaluator - DEBUG -   Frontalness=0.977
2025-04-02 17:28:33,852 - face_evaluator - DEBUG -   EyesOpen=0.387
2025-04-02 17:28:33,852 - face_evaluator - DEBUG -   Resolution Score=28200 px => 0.056
2025-04-02 17:28:33,852 - face_evaluator - DEBUG -   => final_score=0.595
2025-04-02 17:28:33,879 - face_evaluator - DEBUG - ./output/clustered_faces/person_2/frame_260_face_2.jpg
2025-04-02 17:28:33,879 - face_evaluator - DEBUG -   Sharpness=12.0 => 0.01
2025-04-02 17:28:33,879 - face_evaluator - DEBUG -   Brightness=104.4 => 0.82
2025-04-02 17:28:33,879 - face_evaluator - DEBUG -   Coverage=0.897
2025-04-02 17:28:33,879 - face_evaluator - DEBUG -   CenterDist=0.195 => 0.805
2025-04-02 17:28:33,879 - face_evaluator - DEBUG -   Frontalness=0.902
2025-04-02 17:28:33,879 - face_evaluator - DEBUG -   EyesOpen=0.759
2025-04-02 17:28:33,879 - face_evaluator - DEBUG -   Resolution Score=28950 px => 0.058
2025-04-02 17:28:33,879 - face_evaluator - DEBUG -   => final_score=0.595
2025-04-02 17:28:33,907 - face_evaluator - DEBUG - ./output/clustered_faces/person_2/frame_255_face_0.jpg
2025-04-02 17:28:33,907 - face_evaluator - DEBUG -   Sharpness=13.2 => 0.01
2025-04-02 17:28:33,907 - face_evaluator - DEBUG -   Brightness=104.5 => 0.82
2025-04-02 17:28:33,907 - face_evaluator - DEBUG -   Coverage=0.932
2025-04-02 17:28:33,907 - face_evaluator - DEBUG -   CenterDist=0.150 => 0.850
2025-04-02 17:28:33,907 - face_evaluator - DEBUG -   Frontalness=0.820
2025-04-02 17:28:33,907 - face_evaluator - DEBUG -   EyesOpen=0.776
2025-04-02 17:28:33,907 - face_evaluator - DEBUG -   Resolution Score=28950 px => 0.058
2025-04-02 17:28:33,907 - face_evaluator - DEBUG -   => final_score=0.598
2025-04-02 17:28:33,934 - face_evaluator - DEBUG - ./output/clustered_faces/person_2/frame_110_face_1.jpg
2025-04-02 17:28:33,934 - face_evaluator - DEBUG -   Sharpness=11.0 => 0.01
2025-04-02 17:28:33,934 - face_evaluator - DEBUG -   Brightness=104.6 => 0.82
2025-04-02 17:28:33,934 - face_evaluator - DEBUG -   Coverage=0.804
2025-04-02 17:28:33,934 - face_evaluator - DEBUG -   CenterDist=0.227 => 0.773
2025-04-02 17:28:33,934 - face_evaluator - DEBUG -   Frontalness=0.445
2025-04-02 17:28:33,934 - face_evaluator - DEBUG -   EyesOpen=0.443
2025-04-02 17:28:33,934 - face_evaluator - DEBUG -   Resolution Score=28500 px => 0.057
2025-04-02 17:28:33,934 - face_evaluator - DEBUG -   => final_score=0.476
2025-04-02 17:28:33,961 - face_evaluator - DEBUG - ./output/clustered_faces/person_2/frame_45_face_2.jpg
2025-04-02 17:28:33,961 - face_evaluator - DEBUG -   Sharpness=11.8 => 0.01
2025-04-02 17:28:33,961 - face_evaluator - DEBUG -   Brightness=102.2 => 0.80
2025-04-02 17:28:33,961 - face_evaluator - DEBUG -   Coverage=0.898
2025-04-02 17:28:33,961 - face_evaluator - DEBUG -   CenterDist=0.099 => 0.901
2025-04-02 17:28:33,961 - face_evaluator - DEBUG -   Frontalness=0.751
2025-04-02 17:28:33,961 - face_evaluator - DEBUG -   EyesOpen=0.890
2025-04-02 17:28:33,962 - face_evaluator - DEBUG -   Resolution Score=28050 px => 0.056
2025-04-02 17:28:33,962 - face_evaluator - DEBUG -   => final_score=0.602
2025-04-02 17:28:33,988 - face_evaluator - DEBUG - ./output/clustered_faces/person_2/frame_265_face_3.jpg
2025-04-02 17:28:33,988 - face_evaluator - DEBUG -   Sharpness=14.2 => 0.01
2025-04-02 17:28:33,989 - face_evaluator - DEBUG -   Brightness=106.2 => 0.83
2025-04-02 17:28:33,989 - face_evaluator - DEBUG -   Coverage=0.908
2025-04-02 17:28:33,989 - face_evaluator - DEBUG -   CenterDist=0.117 => 0.883
2025-04-02 17:28:33,989 - face_evaluator - DEBUG -   Frontalness=0.818
2025-04-02 17:28:33,989 - face_evaluator - DEBUG -   EyesOpen=0.598
2025-04-02 17:28:33,989 - face_evaluator - DEBUG -   Resolution Score=28200 px => 0.056
2025-04-02 17:28:33,989 - face_evaluator - DEBUG -   => final_score=0.577
2025-04-02 17:28:34,013 - face_evaluator - DEBUG - ./output/clustered_faces/person_2/frame_65_face_3.jpg
2025-04-02 17:28:34,013 - face_evaluator - DEBUG -   Sharpness=13.1 => 0.01
2025-04-02 17:28:34,013 - face_evaluator - DEBUG -   Brightness=105.4 => 0.82
2025-04-02 17:28:34,013 - face_evaluator - DEBUG -   Coverage=0.754
2025-04-02 17:28:34,013 - face_evaluator - DEBUG -   CenterDist=0.105 => 0.895
2025-04-02 17:28:34,013 - face_evaluator - DEBUG -   Frontalness=0.852
2025-04-02 17:28:34,013 - face_evaluator - DEBUG -   EyesOpen=0.605
2025-04-02 17:28:34,013 - face_evaluator - DEBUG -   Resolution Score=28200 px => 0.056
2025-04-02 17:28:34,013 - face_evaluator - DEBUG -   => final_score=0.560
2025-04-02 17:28:34,040 - face_evaluator - DEBUG - ./output/clustered_faces/person_2/frame_245_face_1.jpg
2025-04-02 17:28:34,040 - face_evaluator - DEBUG -   Sharpness=13.2 => 0.01
2025-04-02 17:28:34,040 - face_evaluator - DEBUG -   Brightness=102.8 => 0.80
2025-04-02 17:28:34,040 - face_evaluator - DEBUG -   Coverage=0.952
2025-04-02 17:28:34,040 - face_evaluator - DEBUG -   CenterDist=0.159 => 0.841
2025-04-02 17:28:34,040 - face_evaluator - DEBUG -   Frontalness=0.982
2025-04-02 17:28:34,040 - face_evaluator - DEBUG -   EyesOpen=0.577
2025-04-02 17:28:34,040 - face_evaluator - DEBUG -   Resolution Score=28800 px => 0.058
2025-04-02 17:28:34,040 - face_evaluator - DEBUG -   => final_score=0.593
2025-04-02 17:28:34,069 - face_evaluator - DEBUG - ./output/clustered_faces/person_0/frame_90_face_0.jpg
2025-04-02 17:28:34,069 - face_evaluator - DEBUG -   Sharpness=23.7 => 0.02
2025-04-02 17:28:34,069 - face_evaluator - DEBUG -   Brightness=91.9 => 0.72
2025-04-02 17:28:34,069 - face_evaluator - DEBUG -   Coverage=1.071
2025-04-02 17:28:34,069 - face_evaluator - DEBUG -   CenterDist=0.048 => 0.952
2025-04-02 17:28:34,069 - face_evaluator - DEBUG -   Frontalness=0.630
2025-04-02 17:28:34,069 - face_evaluator - DEBUG -   EyesOpen=0.786
2025-04-02 17:28:34,069 - face_evaluator - DEBUG -   Resolution Score=29250 px => 0.059
2025-04-02 17:28:34,069 - face_evaluator - DEBUG -   => final_score=0.595
2025-04-02 17:28:34,096 - face_evaluator - DEBUG - ./output/clustered_faces/person_0/frame_170_face_0.jpg
2025-04-02 17:28:34,096 - face_evaluator - DEBUG -   Sharpness=19.0 => 0.02
2025-04-02 17:28:34,096 - face_evaluator - DEBUG -   Brightness=90.6 => 0.71
2025-04-02 17:28:34,096 - face_evaluator - DEBUG -   Coverage=1.088
2025-04-02 17:28:34,096 - face_evaluator - DEBUG -   CenterDist=0.119 => 0.881
2025-04-02 17:28:34,096 - face_evaluator - DEBUG -   Frontalness=0.890
2025-04-02 17:28:34,096 - face_evaluator - DEBUG -   EyesOpen=0.699
2025-04-02 17:28:34,096 - face_evaluator - DEBUG -   Resolution Score=30000 px => 0.060
2025-04-02 17:28:34,096 - face_evaluator - DEBUG -   => final_score=0.608
2025-04-02 17:28:34,124 - face_evaluator - DEBUG - ./output/clustered_faces/person_0/frame_265_face_1.jpg
2025-04-02 17:28:34,124 - face_evaluator - DEBUG -   Sharpness=17.1 => 0.02
2025-04-02 17:28:34,124 - face_evaluator - DEBUG -   Brightness=90.1 => 0.70
2025-04-02 17:28:34,124 - face_evaluator - DEBUG -   Coverage=1.046
2025-04-02 17:28:34,124 - face_evaluator - DEBUG -   CenterDist=0.167 => 0.833
2025-04-02 17:28:34,124 - face_evaluator - DEBUG -   Frontalness=0.890
2025-04-02 17:28:34,124 - face_evaluator - DEBUG -   EyesOpen=0.604
2025-04-02 17:28:34,124 - face_evaluator - DEBUG -   Resolution Score=30000 px => 0.060
2025-04-02 17:28:34,124 - face_evaluator - DEBUG -   => final_score=0.582
2025-04-02 17:28:34,151 - face_evaluator - DEBUG - ./output/clustered_faces/person_0/frame_215_face_0.jpg
2025-04-02 17:28:34,151 - face_evaluator - DEBUG -   Sharpness=18.8 => 0.02
2025-04-02 17:28:34,151 - face_evaluator - DEBUG -   Brightness=90.0 => 0.70
2025-04-02 17:28:34,151 - face_evaluator - DEBUG -   Coverage=1.064
2025-04-02 17:28:34,151 - face_evaluator - DEBUG -   CenterDist=0.122 => 0.878
2025-04-02 17:28:34,151 - face_evaluator - DEBUG -   Frontalness=0.892
2025-04-02 17:28:34,151 - face_evaluator - DEBUG -   EyesOpen=0.532
2025-04-02 17:28:34,151 - face_evaluator - DEBUG -   Resolution Score=29400 px => 0.059
2025-04-02 17:28:34,151 - face_evaluator - DEBUG -   => final_score=0.582
2025-04-02 17:28:34,178 - face_evaluator - DEBUG - ./output/clustered_faces/person_0/frame_315_face_1.jpg
2025-04-02 17:28:34,178 - face_evaluator - DEBUG -   Sharpness=18.5 => 0.02
2025-04-02 17:28:34,178 - face_evaluator - DEBUG -   Brightness=91.8 => 0.72
2025-04-02 17:28:34,178 - face_evaluator - DEBUG -   Coverage=1.029
2025-04-02 17:28:34,178 - face_evaluator - DEBUG -   CenterDist=0.098 => 0.902
2025-04-02 17:28:34,178 - face_evaluator - DEBUG -   Frontalness=0.945
2025-04-02 17:28:34,178 - face_evaluator - DEBUG -   EyesOpen=0.762
2025-04-02 17:28:34,178 - face_evaluator - DEBUG -   Resolution Score=29250 px => 0.059
2025-04-02 17:28:34,179 - face_evaluator - DEBUG -   => final_score=0.619
2025-04-02 17:28:34,202 - face_evaluator - DEBUG - ./output/clustered_faces/person_0/frame_120_face_2.jpg
2025-04-02 17:28:34,202 - face_evaluator - DEBUG -   Sharpness=18.4 => 0.02
2025-04-02 17:28:34,202 - face_evaluator - DEBUG -   Brightness=90.7 => 0.71
2025-04-02 17:28:34,202 - face_evaluator - DEBUG -   Coverage=0.743
2025-04-02 17:28:34,202 - face_evaluator - DEBUG -   CenterDist=0.167 => 0.833
2025-04-02 17:28:34,202 - face_evaluator - DEBUG -   Frontalness=0.849
2025-04-02 17:28:34,202 - face_evaluator - DEBUG -   EyesOpen=0.434
2025-04-02 17:28:34,202 - face_evaluator - DEBUG -   Resolution Score=30600 px => 0.061
2025-04-02 17:28:34,202 - face_evaluator - DEBUG -   => final_score=0.510
2025-04-02 17:28:34,230 - face_evaluator - DEBUG - ./output/clustered_faces/person_0/frame_185_face_0.jpg
2025-04-02 17:28:34,230 - face_evaluator - DEBUG -   Sharpness=19.9 => 0.02
2025-04-02 17:28:34,230 - face_evaluator - DEBUG -   Brightness=91.1 => 0.71
2025-04-02 17:28:34,230 - face_evaluator - DEBUG -   Coverage=1.057
2025-04-02 17:28:34,230 - face_evaluator - DEBUG -   CenterDist=0.104 => 0.896
2025-04-02 17:28:34,230 - face_evaluator - DEBUG -   Frontalness=0.903
2025-04-02 17:28:34,230 - face_evaluator - DEBUG -   EyesOpen=0.800
2025-04-02 17:28:34,230 - face_evaluator - DEBUG -   Resolution Score=29250 px => 0.059
2025-04-02 17:28:34,230 - face_evaluator - DEBUG -   => final_score=0.621
2025-04-02 17:28:34,257 - face_evaluator - DEBUG - ./output/clustered_faces/person_0/frame_250_face_0.jpg
2025-04-02 17:28:34,257 - face_evaluator - DEBUG -   Sharpness=20.8 => 0.02
2025-04-02 17:28:34,257 - face_evaluator - DEBUG -   Brightness=90.5 => 0.71
2025-04-02 17:28:34,257 - face_evaluator - DEBUG -   Coverage=0.961
2025-04-02 17:28:34,257 - face_evaluator - DEBUG -   CenterDist=0.129 => 0.871
2025-04-02 17:28:34,257 - face_evaluator - DEBUG -   Frontalness=0.870
2025-04-02 17:28:34,257 - face_evaluator - DEBUG -   EyesOpen=0.872
2025-04-02 17:28:34,257 - face_evaluator - DEBUG -   Resolution Score=28200 px => 0.056
2025-04-02 17:28:34,257 - face_evaluator - DEBUG -   => final_score=0.607
2025-04-02 17:28:34,284 - face_evaluator - DEBUG - ./output/clustered_faces/person_0/frame_260_face_1.jpg
2025-04-02 17:28:34,284 - face_evaluator - DEBUG -   Sharpness=16.4 => 0.02
2025-04-02 17:28:34,284 - face_evaluator - DEBUG -   Brightness=89.3 => 0.70
2025-04-02 17:28:34,284 - face_evaluator - DEBUG -   Coverage=1.089
2025-04-02 17:28:34,284 - face_evaluator - DEBUG -   CenterDist=0.194 => 0.806
2025-04-02 17:28:34,284 - face_evaluator - DEBUG -   Frontalness=0.976
2025-04-02 17:28:34,284 - face_evaluator - DEBUG -   EyesOpen=0.783
2025-04-02 17:28:34,284 - face_evaluator - DEBUG -   Resolution Score=28950 px => 0.058
2025-04-02 17:28:34,284 - face_evaluator - DEBUG -   => final_score=0.618
2025-04-02 17:28:34,312 - face_evaluator - DEBUG - ./output/clustered_faces/person_0/frame_100_face_0.jpg
2025-04-02 17:28:34,312 - face_evaluator - DEBUG -   Sharpness=21.7 => 0.02
2025-04-02 17:28:34,312 - face_evaluator - DEBUG -   Brightness=93.8 => 0.73
2025-04-02 17:28:34,312 - face_evaluator - DEBUG -   Coverage=1.057
2025-04-02 17:28:34,312 - face_evaluator - DEBUG -   CenterDist=0.108 => 0.892
2025-04-02 17:28:34,312 - face_evaluator - DEBUG -   Frontalness=0.789
2025-04-02 17:28:34,312 - face_evaluator - DEBUG -   EyesOpen=0.461
2025-04-02 17:28:34,312 - face_evaluator - DEBUG -   Resolution Score=29400 px => 0.059
2025-04-02 17:28:34,312 - face_evaluator - DEBUG -   => final_score=0.565
2025-04-02 17:28:34,339 - face_evaluator - DEBUG - ./output/clustered_faces/person_0/frame_175_face_0.jpg
2025-04-02 17:28:34,339 - face_evaluator - DEBUG -   Sharpness=18.9 => 0.02
2025-04-02 17:28:34,339 - face_evaluator - DEBUG -   Brightness=90.4 => 0.71
2025-04-02 17:28:34,339 - face_evaluator - DEBUG -   Coverage=1.140
2025-04-02 17:28:34,339 - face_evaluator - DEBUG -   CenterDist=0.132 => 0.868
2025-04-02 17:28:34,339 - face_evaluator - DEBUG -   Frontalness=0.983
2025-04-02 17:28:34,339 - face_evaluator - DEBUG -   EyesOpen=0.867
2025-04-02 17:28:34,339 - face_evaluator - DEBUG -   Resolution Score=30000 px => 0.060
2025-04-02 17:28:34,339 - face_evaluator - DEBUG -   => final_score=0.648
2025-04-02 17:28:34,363 - face_evaluator - DEBUG - ./output/clustered_faces/person_0/frame_105_face_0.jpg
2025-04-02 17:28:34,363 - face_evaluator - DEBUG -   Sharpness=20.9 => 0.02
2025-04-02 17:28:34,363 - face_evaluator - DEBUG -   Brightness=91.9 => 0.72
2025-04-02 17:28:34,363 - face_evaluator - DEBUG -   Coverage=0.608
2025-04-02 17:28:34,363 - face_evaluator - DEBUG -   CenterDist=0.174 => 0.826
2025-04-02 17:28:34,363 - face_evaluator - DEBUG -   Frontalness=0.953
2025-04-02 17:28:34,363 - face_evaluator - DEBUG -   EyesOpen=0.477
2025-04-02 17:28:34,363 - face_evaluator - DEBUG -   Resolution Score=30450 px => 0.061
2025-04-02 17:28:34,363 - face_evaluator - DEBUG -   => final_score=0.511
2025-04-02 17:28:34,390 - face_evaluator - DEBUG - ./output/clustered_faces/person_0/frame_235_face_0.jpg
2025-04-02 17:28:34,390 - face_evaluator - DEBUG -   Sharpness=20.5 => 0.02
2025-04-02 17:28:34,390 - face_evaluator - DEBUG -   Brightness=92.7 => 0.72
2025-04-02 17:28:34,390 - face_evaluator - DEBUG -   Coverage=1.031
2025-04-02 17:28:34,390 - face_evaluator - DEBUG -   CenterDist=0.130 => 0.870
2025-04-02 17:28:34,390 - face_evaluator - DEBUG -   Frontalness=0.797
2025-04-02 17:28:34,390 - face_evaluator - DEBUG -   EyesOpen=0.886
2025-04-02 17:28:34,390 - face_evaluator - DEBUG -   Resolution Score=28800 px => 0.058
2025-04-02 17:28:34,391 - face_evaluator - DEBUG -   => final_score=0.613
2025-04-02 17:28:34,414 - face_evaluator - DEBUG - ./output/clustered_faces/person_0/frame_70_face_0.jpg
2025-04-02 17:28:34,414 - face_evaluator - DEBUG -   Sharpness=19.8 => 0.02
2025-04-02 17:28:34,414 - face_evaluator - DEBUG -   Brightness=90.8 => 0.71
2025-04-02 17:28:34,414 - face_evaluator - DEBUG -   Coverage=1.106
2025-04-02 17:28:34,414 - face_evaluator - DEBUG -   CenterDist=0.097 => 0.903
2025-04-02 17:28:34,414 - face_evaluator - DEBUG -   Frontalness=0.768
2025-04-02 17:28:34,414 - face_evaluator - DEBUG -   EyesOpen=0.799
2025-04-02 17:28:34,414 - face_evaluator - DEBUG -   Resolution Score=30000 px => 0.060
2025-04-02 17:28:34,414 - face_evaluator - DEBUG -   => final_score=0.611
2025-04-02 17:28:34,436 - face_evaluator - DEBUG - ./output/clustered_faces/person_0/frame_25_face_1.jpg
2025-04-02 17:28:34,436 - face_evaluator - DEBUG -   Sharpness=21.2 => 0.02
2025-04-02 17:28:34,436 - face_evaluator - DEBUG -   Brightness=93.2 => 0.73
2025-04-02 17:28:34,436 - face_evaluator - DEBUG -   Coverage=1.070
2025-04-02 17:28:34,436 - face_evaluator - DEBUG -   CenterDist=0.091 => 0.909
2025-04-02 17:28:34,436 - face_evaluator - DEBUG -   Frontalness=0.829
2025-04-02 17:28:34,436 - face_evaluator - DEBUG -   EyesOpen=0.867
2025-04-02 17:28:34,436 - face_evaluator - DEBUG -   Resolution Score=29250 px => 0.059
2025-04-02 17:28:34,436 - face_evaluator - DEBUG -   => final_score=0.627
2025-04-02 17:28:34,464 - face_evaluator - DEBUG - ./output/clustered_faces/person_0/frame_135_face_0.jpg
2025-04-02 17:28:34,464 - face_evaluator - DEBUG -   Sharpness=21.5 => 0.02
2025-04-02 17:28:34,464 - face_evaluator - DEBUG -   Brightness=93.4 => 0.73
2025-04-02 17:28:34,464 - face_evaluator - DEBUG -   Coverage=0.959
2025-04-02 17:28:34,464 - face_evaluator - DEBUG -   CenterDist=0.081 => 0.919
2025-04-02 17:28:34,464 - face_evaluator - DEBUG -   Frontalness=0.942
2025-04-02 17:28:34,464 - face_evaluator - DEBUG -   EyesOpen=0.642
2025-04-02 17:28:34,464 - face_evaluator - DEBUG -   Resolution Score=29250 px => 0.059
2025-04-02 17:28:34,464 - face_evaluator - DEBUG -   => final_score=0.597
2025-04-02 17:28:34,491 - face_evaluator - DEBUG - ./output/clustered_faces/person_0/frame_225_face_0.jpg
2025-04-02 17:28:34,492 - face_evaluator - DEBUG -   Sharpness=18.2 => 0.02
2025-04-02 17:28:34,492 - face_evaluator - DEBUG -   Brightness=91.0 => 0.71
2025-04-02 17:28:34,492 - face_evaluator - DEBUG -   Coverage=1.118
2025-04-02 17:28:34,492 - face_evaluator - DEBUG -   CenterDist=0.123 => 0.877
2025-04-02 17:28:34,492 - face_evaluator - DEBUG -   Frontalness=0.874
2025-04-02 17:28:34,492 - face_evaluator - DEBUG -   EyesOpen=0.682
2025-04-02 17:28:34,492 - face_evaluator - DEBUG -   Resolution Score=30000 px => 0.060
2025-04-02 17:28:34,492 - face_evaluator - DEBUG -   => final_score=0.608
2025-04-02 17:28:34,519 - face_evaluator - DEBUG - ./output/clustered_faces/person_0/frame_80_face_1.jpg
2025-04-02 17:28:34,519 - face_evaluator - DEBUG -   Sharpness=22.3 => 0.02
2025-04-02 17:28:34,519 - face_evaluator - DEBUG -   Brightness=91.9 => 0.72
2025-04-02 17:28:34,519 - face_evaluator - DEBUG -   Coverage=0.969
2025-04-02 17:28:34,519 - face_evaluator - DEBUG -   CenterDist=0.080 => 0.920
2025-04-02 17:28:34,520 - face_evaluator - DEBUG -   Frontalness=0.842
2025-04-02 17:28:34,520 - face_evaluator - DEBUG -   EyesOpen=0.563
2025-04-02 17:28:34,520 - face_evaluator - DEBUG -   Resolution Score=28800 px => 0.058
2025-04-02 17:28:34,520 - face_evaluator - DEBUG -   => final_score=0.573
2025-04-02 17:28:34,547 - face_evaluator - DEBUG - ./output/clustered_faces/person_0/frame_85_face_0.jpg
2025-04-02 17:28:34,547 - face_evaluator - DEBUG -   Sharpness=23.5 => 0.02
2025-04-02 17:28:34,547 - face_evaluator - DEBUG -   Brightness=93.1 => 0.73
2025-04-02 17:28:34,547 - face_evaluator - DEBUG -   Coverage=1.102
2025-04-02 17:28:34,547 - face_evaluator - DEBUG -   CenterDist=0.081 => 0.919
2025-04-02 17:28:34,547 - face_evaluator - DEBUG -   Frontalness=0.666
2025-04-02 17:28:34,547 - face_evaluator - DEBUG -   EyesOpen=0.862
2025-04-02 17:28:34,547 - face_evaluator - DEBUG -   Resolution Score=28800 px => 0.058
2025-04-02 17:28:34,547 - face_evaluator - DEBUG -   => final_score=0.611
2025-04-02 17:28:34,574 - face_evaluator - DEBUG - ./output/clustered_faces/person_0/frame_130_face_1.jpg
2025-04-02 17:28:34,574 - face_evaluator - DEBUG -   Sharpness=20.8 => 0.02
2025-04-02 17:28:34,574 - face_evaluator - DEBUG -   Brightness=92.1 => 0.72
2025-04-02 17:28:34,574 - face_evaluator - DEBUG -   Coverage=0.980
2025-04-02 17:28:34,574 - face_evaluator - DEBUG -   CenterDist=0.112 => 0.888
2025-04-02 17:28:34,574 - face_evaluator - DEBUG -   Frontalness=0.916
2025-04-02 17:28:34,574 - face_evaluator - DEBUG -   EyesOpen=0.547
2025-04-02 17:28:34,574 - face_evaluator - DEBUG -   Resolution Score=29250 px => 0.059
2025-04-02 17:28:34,574 - face_evaluator - DEBUG -   => final_score=0.579
2025-04-02 17:28:34,602 - face_evaluator - DEBUG - ./output/clustered_faces/person_0/frame_330_face_1.jpg
2025-04-02 17:28:34,602 - face_evaluator - DEBUG -   Sharpness=18.0 => 0.02
2025-04-02 17:28:34,602 - face_evaluator - DEBUG -   Brightness=91.9 => 0.72
2025-04-02 17:28:34,602 - face_evaluator - DEBUG -   Coverage=0.927
2025-04-02 17:28:34,602 - face_evaluator - DEBUG -   CenterDist=0.044 => 0.956
2025-04-02 17:28:34,602 - face_evaluator - DEBUG -   Frontalness=0.846
2025-04-02 17:28:34,602 - face_evaluator - DEBUG -   EyesOpen=0.279
2025-04-02 17:28:34,602 - face_evaluator - DEBUG -   Resolution Score=28800 px => 0.058
2025-04-02 17:28:34,602 - face_evaluator - DEBUG -   => final_score=0.535
2025-04-02 17:28:34,627 - face_evaluator - DEBUG - ./output/clustered_faces/person_0/frame_155_face_0.jpg
2025-04-02 17:28:34,627 - face_evaluator - DEBUG -   Sharpness=20.4 => 0.02
2025-04-02 17:28:34,627 - face_evaluator - DEBUG -   Brightness=90.7 => 0.71
2025-04-02 17:28:34,627 - face_evaluator - DEBUG -   Coverage=0.837
2025-04-02 17:28:34,627 - face_evaluator - DEBUG -   CenterDist=0.122 => 0.878
2025-04-02 17:28:34,627 - face_evaluator - DEBUG -   Frontalness=0.861
2025-04-02 17:28:34,627 - face_evaluator - DEBUG -   EyesOpen=0.533
2025-04-02 17:28:34,627 - face_evaluator - DEBUG -   Resolution Score=30450 px => 0.061
2025-04-02 17:28:34,627 - face_evaluator - DEBUG -   => final_score=0.545
2025-04-02 17:28:34,654 - face_evaluator - DEBUG - ./output/clustered_faces/person_0/frame_300_face_0.jpg
2025-04-02 17:28:34,654 - face_evaluator - DEBUG -   Sharpness=16.2 => 0.02
2025-04-02 17:28:34,654 - face_evaluator - DEBUG -   Brightness=92.9 => 0.73
2025-04-02 17:28:34,654 - face_evaluator - DEBUG -   Coverage=1.125
2025-04-02 17:28:34,654 - face_evaluator - DEBUG -   CenterDist=0.093 => 0.907
2025-04-02 17:28:34,654 - face_evaluator - DEBUG -   Frontalness=0.972
2025-04-02 17:28:34,654 - face_evaluator - DEBUG -   EyesOpen=0.733
2025-04-02 17:28:34,654 - face_evaluator - DEBUG -   Resolution Score=30600 px => 0.061
2025-04-02 17:28:34,654 - face_evaluator - DEBUG -   => final_score=0.635
2025-04-02 17:28:34,678 - face_evaluator - DEBUG - ./output/clustered_faces/person_0/frame_45_face_0.jpg
2025-04-02 17:28:34,678 - face_evaluator - DEBUG -   Sharpness=21.2 => 0.02
2025-04-02 17:28:34,679 - face_evaluator - DEBUG -   Brightness=90.3 => 0.71
2025-04-02 17:28:34,679 - face_evaluator - DEBUG -   Coverage=0.676
2025-04-02 17:28:34,679 - face_evaluator - DEBUG -   CenterDist=0.151 => 0.849
2025-04-02 17:28:34,679 - face_evaluator - DEBUG -   Frontalness=0.969
2025-04-02 17:28:34,679 - face_evaluator - DEBUG -   EyesOpen=0.508
2025-04-02 17:28:34,679 - face_evaluator - DEBUG -   Resolution Score=29700 px => 0.059
2025-04-02 17:28:34,679 - face_evaluator - DEBUG -   => final_score=0.528
2025-04-02 17:28:34,706 - face_evaluator - DEBUG - ./output/clustered_faces/person_0/frame_125_face_1.jpg
2025-04-02 17:28:34,706 - face_evaluator - DEBUG -   Sharpness=19.9 => 0.02
2025-04-02 17:28:34,707 - face_evaluator - DEBUG -   Brightness=92.5 => 0.72
2025-04-02 17:28:34,707 - face_evaluator - DEBUG -   Coverage=1.120
2025-04-02 17:28:34,707 - face_evaluator - DEBUG -   CenterDist=0.071 => 0.929
2025-04-02 17:28:34,707 - face_evaluator - DEBUG -   Frontalness=0.899
2025-04-02 17:28:34,707 - face_evaluator - DEBUG -   EyesOpen=0.837
2025-04-02 17:28:34,707 - face_evaluator - DEBUG -   Resolution Score=29400 px => 0.059
2025-04-02 17:28:34,707 - face_evaluator - DEBUG -   => final_score=0.641
2025-04-02 17:28:34,734 - face_evaluator - DEBUG - ./output/clustered_faces/person_0/frame_15_face_0.jpg
2025-04-02 17:28:34,734 - face_evaluator - DEBUG -   Sharpness=20.2 => 0.02
2025-04-02 17:28:34,734 - face_evaluator - DEBUG -   Brightness=91.7 => 0.72
2025-04-02 17:28:34,734 - face_evaluator - DEBUG -   Coverage=1.105
2025-04-02 17:28:34,734 - face_evaluator - DEBUG -   CenterDist=0.141 => 0.859
2025-04-02 17:28:34,734 - face_evaluator - DEBUG -   Frontalness=0.798
2025-04-02 17:28:34,734 - face_evaluator - DEBUG -   EyesOpen=0.713
2025-04-02 17:28:34,734 - face_evaluator - DEBUG -   Resolution Score=29250 px => 0.059
2025-04-02 17:28:34,734 - face_evaluator - DEBUG -   => final_score=0.599
2025-04-02 17:28:34,761 - face_evaluator - DEBUG - ./output/clustered_faces/person_0/frame_305_face_1.jpg
2025-04-02 17:28:34,761 - face_evaluator - DEBUG -   Sharpness=16.2 => 0.02
2025-04-02 17:28:34,761 - face_evaluator - DEBUG -   Brightness=91.9 => 0.72
2025-04-02 17:28:34,761 - face_evaluator - DEBUG -   Coverage=1.101
2025-04-02 17:28:34,761 - face_evaluator - DEBUG -   CenterDist=0.083 => 0.917
2025-04-02 17:28:34,761 - face_evaluator - DEBUG -   Frontalness=0.898
2025-04-02 17:28:34,761 - face_evaluator - DEBUG -   EyesOpen=0.723
2025-04-02 17:28:34,761 - face_evaluator - DEBUG -   Resolution Score=29400 px => 0.059
2025-04-02 17:28:34,761 - face_evaluator - DEBUG -   => final_score=0.620
2025-04-02 17:28:34,786 - face_evaluator - DEBUG - ./output/clustered_faces/person_0/frame_285_face_1.jpg
2025-04-02 17:28:34,786 - face_evaluator - DEBUG -   Sharpness=16.5 => 0.02
2025-04-02 17:28:34,786 - face_evaluator - DEBUG -   Brightness=90.3 => 0.71
2025-04-02 17:28:34,786 - face_evaluator - DEBUG -   Coverage=0.864
2025-04-02 17:28:34,786 - face_evaluator - DEBUG -   CenterDist=0.205 => 0.795
2025-04-02 17:28:34,786 - face_evaluator - DEBUG -   Frontalness=0.935
2025-04-02 17:28:34,786 - face_evaluator - DEBUG -   EyesOpen=0.574
2025-04-02 17:28:34,786 - face_evaluator - DEBUG -   Resolution Score=30000 px => 0.060
2025-04-02 17:28:34,786 - face_evaluator - DEBUG -   => final_score=0.552
2025-04-02 17:28:34,813 - face_evaluator - DEBUG - ./output/clustered_faces/person_0/frame_275_face_0.jpg
2025-04-02 17:28:34,813 - face_evaluator - DEBUG -   Sharpness=18.2 => 0.02
2025-04-02 17:28:34,813 - face_evaluator - DEBUG -   Brightness=91.6 => 0.72
2025-04-02 17:28:34,813 - face_evaluator - DEBUG -   Coverage=0.966
2025-04-02 17:28:34,813 - face_evaluator - DEBUG -   CenterDist=0.168 => 0.832
2025-04-02 17:28:34,813 - face_evaluator - DEBUG -   Frontalness=0.881
2025-04-02 17:28:34,813 - face_evaluator - DEBUG -   EyesOpen=0.895
2025-04-02 17:28:34,813 - face_evaluator - DEBUG -   Resolution Score=29250 px => 0.059
2025-04-02 17:28:34,813 - face_evaluator - DEBUG -   => final_score=0.609
2025-04-02 17:28:34,835 - face_evaluator - DEBUG - ./output/clustered_faces/person_0/frame_325_face_1.jpg
2025-04-02 17:28:34,835 - face_evaluator - DEBUG -   Sharpness=16.3 => 0.02
2025-04-02 17:28:34,835 - face_evaluator - DEBUG -   Brightness=93.4 => 0.73
2025-04-02 17:28:34,835 - face_evaluator - DEBUG -   Coverage=0.690
2025-04-02 17:28:34,835 - face_evaluator - DEBUG -   CenterDist=0.157 => 0.843
2025-04-02 17:28:34,835 - face_evaluator - DEBUG -   Frontalness=0.944
2025-04-02 17:28:34,835 - face_evaluator - DEBUG -   EyesOpen=0.649
2025-04-02 17:28:34,835 - face_evaluator - DEBUG -   Resolution Score=30150 px => 0.060
2025-04-02 17:28:34,835 - face_evaluator - DEBUG -   => final_score=0.547
2025-04-02 17:28:34,862 - face_evaluator - DEBUG - ./output/clustered_faces/person_0/frame_160_face_0.jpg
2025-04-02 17:28:34,862 - face_evaluator - DEBUG -   Sharpness=20.7 => 0.02
2025-04-02 17:28:34,862 - face_evaluator - DEBUG -   Brightness=90.6 => 0.71
2025-04-02 17:28:34,862 - face_evaluator - DEBUG -   Coverage=1.001
2025-04-02 17:28:34,862 - face_evaluator - DEBUG -   CenterDist=0.077 => 0.923
2025-04-02 17:28:34,862 - face_evaluator - DEBUG -   Frontalness=0.898
2025-04-02 17:28:34,862 - face_evaluator - DEBUG -   EyesOpen=1.000
2025-04-02 17:28:34,862 - face_evaluator - DEBUG -   Resolution Score=29250 px => 0.059
2025-04-02 17:28:34,862 - face_evaluator - DEBUG -   => final_score=0.641
2025-04-02 17:28:34,887 - face_evaluator - DEBUG - ./output/clustered_faces/person_0/frame_55_face_0.jpg
2025-04-02 17:28:34,887 - face_evaluator - DEBUG -   Sharpness=21.9 => 0.02
2025-04-02 17:28:34,887 - face_evaluator - DEBUG -   Brightness=91.6 => 0.72
2025-04-02 17:28:34,887 - face_evaluator - DEBUG -   Coverage=0.813
2025-04-02 17:28:34,887 - face_evaluator - DEBUG -   CenterDist=0.102 => 0.898
2025-04-02 17:28:34,887 - face_evaluator - DEBUG -   Frontalness=0.925
2025-04-02 17:28:34,887 - face_evaluator - DEBUG -   EyesOpen=0.518
2025-04-02 17:28:34,887 - face_evaluator - DEBUG -   Resolution Score=30300 px => 0.061
2025-04-02 17:28:34,887 - face_evaluator - DEBUG -   => final_score=0.552
2025-04-02 17:28:34,912 - face_evaluator - DEBUG - ./output/clustered_faces/person_0/frame_195_face_1.jpg
2025-04-02 17:28:34,912 - face_evaluator - DEBUG -   Sharpness=18.3 => 0.02
2025-04-02 17:28:34,912 - face_evaluator - DEBUG -   Brightness=90.8 => 0.71
2025-04-02 17:28:34,912 - face_evaluator - DEBUG -   Coverage=0.643
2025-04-02 17:28:34,912 - face_evaluator - DEBUG -   CenterDist=0.109 => 0.891
2025-04-02 17:28:34,912 - face_evaluator - DEBUG -   Frontalness=0.994
2025-04-02 17:28:34,912 - face_evaluator - DEBUG -   EyesOpen=0.819
2025-04-02 17:28:34,912 - face_evaluator - DEBUG -   Resolution Score=30000 px => 0.060
2025-04-02 17:28:34,912 - face_evaluator - DEBUG -   => final_score=0.572
2025-04-02 17:28:34,939 - face_evaluator - DEBUG - ./output/clustered_faces/person_0/frame_240_face_2.jpg
2025-04-02 17:28:34,940 - face_evaluator - DEBUG -   Sharpness=19.3 => 0.02
2025-04-02 17:28:34,940 - face_evaluator - DEBUG -   Brightness=90.7 => 0.71
2025-04-02 17:28:34,940 - face_evaluator - DEBUG -   Coverage=1.161
2025-04-02 17:28:34,940 - face_evaluator - DEBUG -   CenterDist=0.145 => 0.855
2025-04-02 17:28:34,940 - face_evaluator - DEBUG -   Frontalness=0.970
2025-04-02 17:28:34,940 - face_evaluator - DEBUG -   EyesOpen=0.838
2025-04-02 17:28:34,940 - face_evaluator - DEBUG -   Resolution Score=28800 px => 0.058
2025-04-02 17:28:34,940 - face_evaluator - DEBUG -   => final_score=0.644
2025-04-02 17:28:34,964 - face_evaluator - DEBUG - ./output/clustered_faces/person_0/frame_190_face_0.jpg
2025-04-02 17:28:34,964 - face_evaluator - DEBUG -   Sharpness=18.6 => 0.02
2025-04-02 17:28:34,964 - face_evaluator - DEBUG -   Brightness=89.7 => 0.70
2025-04-02 17:28:34,964 - face_evaluator - DEBUG -   Coverage=0.742
2025-04-02 17:28:34,964 - face_evaluator - DEBUG -   CenterDist=0.111 => 0.889
2025-04-02 17:28:34,964 - face_evaluator - DEBUG -   Frontalness=0.903
2025-04-02 17:28:34,964 - face_evaluator - DEBUG -   EyesOpen=0.576
2025-04-02 17:28:34,964 - face_evaluator - DEBUG -   Resolution Score=30450 px => 0.061
2025-04-02 17:28:34,964 - face_evaluator - DEBUG -   => final_score=0.542
2025-04-02 17:28:34,988 - face_evaluator - DEBUG - ./output/clustered_faces/person_0/frame_210_face_2.jpg
2025-04-02 17:28:34,989 - face_evaluator - DEBUG -   Sharpness=17.1 => 0.02
2025-04-02 17:28:34,989 - face_evaluator - DEBUG -   Brightness=90.5 => 0.71
2025-04-02 17:28:34,989 - face_evaluator - DEBUG -   Coverage=0.809
2025-04-02 17:28:34,989 - face_evaluator - DEBUG -   CenterDist=0.123 => 0.877
2025-04-02 17:28:34,989 - face_evaluator - DEBUG -   Frontalness=0.911
2025-04-02 17:28:34,989 - face_evaluator - DEBUG -   EyesOpen=0.593
2025-04-02 17:28:34,989 - face_evaluator - DEBUG -   Resolution Score=30600 px => 0.061
2025-04-02 17:28:34,989 - face_evaluator - DEBUG -   => final_score=0.554
2025-04-02 17:28:35,015 - face_evaluator - DEBUG - ./output/clustered_faces/person_0/frame_10_face_0.jpg
2025-04-02 17:28:35,016 - face_evaluator - DEBUG -   Sharpness=19.0 => 0.02
2025-04-02 17:28:35,016 - face_evaluator - DEBUG -   Brightness=92.7 => 0.72
2025-04-02 17:28:35,016 - face_evaluator - DEBUG -   Coverage=1.114
2025-04-02 17:28:35,016 - face_evaluator - DEBUG -   CenterDist=0.117 => 0.883
2025-04-02 17:28:35,016 - face_evaluator - DEBUG -   Frontalness=0.776
2025-04-02 17:28:35,016 - face_evaluator - DEBUG -   EyesOpen=0.667
2025-04-02 17:28:35,016 - face_evaluator - DEBUG -   Resolution Score=29400 px => 0.059
2025-04-02 17:28:35,016 - face_evaluator - DEBUG -   => final_score=0.596
2025-04-02 17:28:35,043 - face_evaluator - DEBUG - ./output/clustered_faces/person_0/frame_150_face_0.jpg
2025-04-02 17:28:35,043 - face_evaluator - DEBUG -   Sharpness=20.0 => 0.02
2025-04-02 17:28:35,043 - face_evaluator - DEBUG -   Brightness=91.2 => 0.71
2025-04-02 17:28:35,043 - face_evaluator - DEBUG -   Coverage=1.090
2025-04-02 17:28:35,043 - face_evaluator - DEBUG -   CenterDist=0.049 => 0.951
2025-04-02 17:28:35,043 - face_evaluator - DEBUG -   Frontalness=0.969
2025-04-02 17:28:35,043 - face_evaluator - DEBUG -   EyesOpen=0.868
2025-04-02 17:28:35,043 - face_evaluator - DEBUG -   Resolution Score=30000 px => 0.060
2025-04-02 17:28:35,043 - face_evaluator - DEBUG -   => final_score=0.651
2025-04-02 17:28:35,067 - face_evaluator - DEBUG - ./output/clustered_faces/person_0/frame_230_face_2.jpg
2025-04-02 17:28:35,068 - face_evaluator - DEBUG -   Sharpness=19.3 => 0.02
2025-04-02 17:28:35,068 - face_evaluator - DEBUG -   Brightness=90.0 => 0.70
2025-04-02 17:28:35,068 - face_evaluator - DEBUG -   Coverage=0.878
2025-04-02 17:28:35,068 - face_evaluator - DEBUG -   CenterDist=0.100 => 0.900
2025-04-02 17:28:35,068 - face_evaluator - DEBUG -   Frontalness=0.957
2025-04-02 17:28:35,068 - face_evaluator - DEBUG -   EyesOpen=0.745
2025-04-02 17:28:35,068 - face_evaluator - DEBUG -   Resolution Score=30450 px => 0.061
2025-04-02 17:28:35,068 - face_evaluator - DEBUG -   => final_score=0.593
2025-04-02 17:28:35,095 - face_evaluator - DEBUG - ./output/clustered_faces/person_0/frame_40_face_0.jpg
2025-04-02 17:28:35,095 - face_evaluator - DEBUG -   Sharpness=20.7 => 0.02
2025-04-02 17:28:35,095 - face_evaluator - DEBUG -   Brightness=90.4 => 0.71
2025-04-02 17:28:35,095 - face_evaluator - DEBUG -   Coverage=0.999
2025-04-02 17:28:35,095 - face_evaluator - DEBUG -   CenterDist=0.046 => 0.954
2025-04-02 17:28:35,095 - face_evaluator - DEBUG -   Frontalness=0.876
2025-04-02 17:28:35,095 - face_evaluator - DEBUG -   EyesOpen=0.612
2025-04-02 17:28:35,095 - face_evaluator - DEBUG -   Resolution Score=29700 px => 0.059
2025-04-02 17:28:35,095 - face_evaluator - DEBUG -   => final_score=0.591
2025-04-02 17:28:35,122 - face_evaluator - DEBUG - ./output/clustered_faces/person_0/frame_145_face_0.jpg
2025-04-02 17:28:35,123 - face_evaluator - DEBUG -   Sharpness=18.8 => 0.02
2025-04-02 17:28:35,123 - face_evaluator - DEBUG -   Brightness=92.5 => 0.72
2025-04-02 17:28:35,123 - face_evaluator - DEBUG -   Coverage=1.037
2025-04-02 17:28:35,123 - face_evaluator - DEBUG -   CenterDist=0.123 => 0.877
2025-04-02 17:28:35,123 - face_evaluator - DEBUG -   Frontalness=0.944
2025-04-02 17:28:35,123 - face_evaluator - DEBUG -   EyesOpen=0.432
2025-04-02 17:28:35,123 - face_evaluator - DEBUG -   Resolution Score=30000 px => 0.060
2025-04-02 17:28:35,123 - face_evaluator - DEBUG -   => final_score=0.575
2025-04-02 17:28:35,147 - face_evaluator - DEBUG - ./output/clustered_faces/person_0/frame_220_face_0.jpg
2025-04-02 17:28:35,147 - face_evaluator - DEBUG -   Sharpness=16.9 => 0.02
2025-04-02 17:28:35,147 - face_evaluator - DEBUG -   Brightness=89.6 => 0.70
2025-04-02 17:28:35,147 - face_evaluator - DEBUG -   Coverage=0.717
2025-04-02 17:28:35,147 - face_evaluator - DEBUG -   CenterDist=0.109 => 0.891
2025-04-02 17:28:35,147 - face_evaluator - DEBUG -   Frontalness=0.964
2025-04-02 17:28:35,147 - face_evaluator - DEBUG -   EyesOpen=0.746
2025-04-02 17:28:35,147 - face_evaluator - DEBUG -   Resolution Score=30000 px => 0.060
2025-04-02 17:28:35,147 - face_evaluator - DEBUG -   => final_score=0.568
2025-04-02 17:28:35,174 - face_evaluator - DEBUG - ./output/clustered_faces/person_0/frame_60_face_2.jpg
2025-04-02 17:28:35,174 - face_evaluator - DEBUG -   Sharpness=18.6 => 0.02
2025-04-02 17:28:35,175 - face_evaluator - DEBUG -   Brightness=92.2 => 0.72
2025-04-02 17:28:35,175 - face_evaluator - DEBUG -   Coverage=1.011
2025-04-02 17:28:35,175 - face_evaluator - DEBUG -   CenterDist=0.095 => 0.905
2025-04-02 17:28:35,175 - face_evaluator - DEBUG -   Frontalness=0.890
2025-04-02 17:28:35,175 - face_evaluator - DEBUG -   EyesOpen=0.545
2025-04-02 17:28:35,175 - face_evaluator - DEBUG -   Resolution Score=30000 px => 0.060
2025-04-02 17:28:35,175 - face_evaluator - DEBUG -   => final_score=0.582
2025-04-02 17:28:35,202 - face_evaluator - DEBUG - ./output/clustered_faces/person_0/frame_255_face_2.jpg
2025-04-02 17:28:35,202 - face_evaluator - DEBUG -   Sharpness=17.9 => 0.02
2025-04-02 17:28:35,202 - face_evaluator - DEBUG -   Brightness=89.1 => 0.70
2025-04-02 17:28:35,202 - face_evaluator - DEBUG -   Coverage=1.044
2025-04-02 17:28:35,202 - face_evaluator - DEBUG -   CenterDist=0.153 => 0.847
2025-04-02 17:28:35,202 - face_evaluator - DEBUG -   Frontalness=0.830
2025-04-02 17:28:35,202 - face_evaluator - DEBUG -   EyesOpen=0.725
2025-04-02 17:28:35,202 - face_evaluator - DEBUG -   Resolution Score=28800 px => 0.058
2025-04-02 17:28:35,202 - face_evaluator - DEBUG -   => final_score=0.590
2025-04-02 17:28:35,230 - face_evaluator - DEBUG - ./output/clustered_faces/person_0/frame_165_face_0.jpg
2025-04-02 17:28:35,231 - face_evaluator - DEBUG -   Sharpness=18.5 => 0.02
2025-04-02 17:28:35,231 - face_evaluator - DEBUG -   Brightness=91.0 => 0.71
2025-04-02 17:28:35,231 - face_evaluator - DEBUG -   Coverage=1.112
2025-04-02 17:28:35,231 - face_evaluator - DEBUG -   CenterDist=0.131 => 0.869
2025-04-02 17:28:35,231 - face_evaluator - DEBUG -   Frontalness=0.991
2025-04-02 17:28:35,231 - face_evaluator - DEBUG -   EyesOpen=0.792
2025-04-02 17:28:35,231 - face_evaluator - DEBUG -   Resolution Score=30000 px => 0.060
2025-04-02 17:28:35,231 - face_evaluator - DEBUG -   => final_score=0.636
2025-04-02 17:28:35,258 - face_evaluator - DEBUG - ./output/clustered_faces/person_0/frame_75_face_1.jpg
2025-04-02 17:28:35,258 - face_evaluator - DEBUG -   Sharpness=19.9 => 0.02
2025-04-02 17:28:35,258 - face_evaluator - DEBUG -   Brightness=93.2 => 0.73
2025-04-02 17:28:35,258 - face_evaluator - DEBUG -   Coverage=1.009
2025-04-02 17:28:35,258 - face_evaluator - DEBUG -   CenterDist=0.070 => 0.930
2025-04-02 17:28:35,258 - face_evaluator - DEBUG -   Frontalness=0.885
2025-04-02 17:28:35,258 - face_evaluator - DEBUG -   EyesOpen=0.575
2025-04-02 17:28:35,258 - face_evaluator - DEBUG -   Resolution Score=30600 px => 0.061
2025-04-02 17:28:35,258 - face_evaluator - DEBUG -   => final_score=0.589
2025-04-02 17:28:35,286 - face_evaluator - DEBUG - ./output/clustered_faces/person_0/frame_245_face_0.jpg
2025-04-02 17:28:35,286 - face_evaluator - DEBUG -   Sharpness=20.2 => 0.02
2025-04-02 17:28:35,286 - face_evaluator - DEBUG -   Brightness=90.8 => 0.71
2025-04-02 17:28:35,286 - face_evaluator - DEBUG -   Coverage=1.079
2025-04-02 17:28:35,286 - face_evaluator - DEBUG -   CenterDist=0.130 => 0.870
2025-04-02 17:28:35,286 - face_evaluator - DEBUG -   Frontalness=0.940
2025-04-02 17:28:35,286 - face_evaluator - DEBUG -   EyesOpen=0.804
2025-04-02 17:28:35,286 - face_evaluator - DEBUG -   Resolution Score=29250 px => 0.059
2025-04-02 17:28:35,286 - face_evaluator - DEBUG -   => final_score=0.626
2025-04-02 17:28:35,313 - face_evaluator - DEBUG - ./output/clustered_faces/person_0/frame_65_face_2.jpg
2025-04-02 17:28:35,313 - face_evaluator - DEBUG -   Sharpness=19.5 => 0.02
2025-04-02 17:28:35,313 - face_evaluator - DEBUG -   Brightness=91.9 => 0.72
2025-04-02 17:28:35,313 - face_evaluator - DEBUG -   Coverage=0.879
2025-04-02 17:28:35,313 - face_evaluator - DEBUG -   CenterDist=0.052 => 0.948
2025-04-02 17:28:35,313 - face_evaluator - DEBUG -   Frontalness=0.988
2025-04-02 17:28:35,313 - face_evaluator - DEBUG -   EyesOpen=0.563
2025-04-02 17:28:35,313 - face_evaluator - DEBUG -   Resolution Score=30000 px => 0.060
2025-04-02 17:28:35,313 - face_evaluator - DEBUG -   => final_score=0.582
2025-04-02 17:28:35,337 - face_evaluator - DEBUG - ./output/clustered_faces/person_0/frame_0_face_0.jpg
2025-04-02 17:28:35,338 - face_evaluator - DEBUG -   Sharpness=20.4 => 0.02
2025-04-02 17:28:35,338 - face_evaluator - DEBUG -   Brightness=93.2 => 0.73
2025-04-02 17:28:35,338 - face_evaluator - DEBUG -   Coverage=0.674
2025-04-02 17:28:35,338 - face_evaluator - DEBUG -   CenterDist=0.107 => 0.893
2025-04-02 17:28:35,338 - face_evaluator - DEBUG -   Frontalness=0.995
2025-04-02 17:28:35,338 - face_evaluator - DEBUG -   EyesOpen=0.689
2025-04-02 17:28:35,338 - face_evaluator - DEBUG -   Resolution Score=28650 px => 0.057
2025-04-02 17:28:35,338 - face_evaluator - DEBUG -   => final_score=0.563
2025-04-02 17:28:35,365 - face_evaluator - DEBUG - ./output/clustered_faces/person_0/frame_310_face_0.jpg
2025-04-02 17:28:35,365 - face_evaluator - DEBUG -   Sharpness=17.0 => 0.02
2025-04-02 17:28:35,365 - face_evaluator - DEBUG -   Brightness=90.8 => 0.71
2025-04-02 17:28:35,365 - face_evaluator - DEBUG -   Coverage=0.960
2025-04-02 17:28:35,365 - face_evaluator - DEBUG -   CenterDist=0.122 => 0.878
2025-04-02 17:28:35,365 - face_evaluator - DEBUG -   Frontalness=0.982
2025-04-02 17:28:35,365 - face_evaluator - DEBUG -   EyesOpen=0.661
2025-04-02 17:28:35,365 - face_evaluator - DEBUG -   Resolution Score=29250 px => 0.059
2025-04-02 17:28:35,365 - face_evaluator - DEBUG -   => final_score=0.595
2025-04-02 17:28:35,392 - face_evaluator - DEBUG - ./output/clustered_faces/person_0/frame_35_face_1.jpg
2025-04-02 17:28:35,392 - face_evaluator - DEBUG -   Sharpness=20.2 => 0.02
2025-04-02 17:28:35,392 - face_evaluator - DEBUG -   Brightness=89.0 => 0.70
2025-04-02 17:28:35,392 - face_evaluator - DEBUG -   Coverage=1.009
2025-04-02 17:28:35,392 - face_evaluator - DEBUG -   CenterDist=0.111 => 0.889
2025-04-02 17:28:35,392 - face_evaluator - DEBUG -   Frontalness=0.970
2025-04-02 17:28:35,392 - face_evaluator - DEBUG -   EyesOpen=0.588
2025-04-02 17:28:35,392 - face_evaluator - DEBUG -   Resolution Score=29250 px => 0.059
2025-04-02 17:28:35,392 - face_evaluator - DEBUG -   => final_score=0.591
2025-04-02 17:28:35,419 - face_evaluator - DEBUG - ./output/clustered_faces/person_0/frame_200_face_0.jpg
2025-04-02 17:28:35,419 - face_evaluator - DEBUG -   Sharpness=17.8 => 0.02
2025-04-02 17:28:35,419 - face_evaluator - DEBUG -   Brightness=89.7 => 0.70
2025-04-02 17:28:35,419 - face_evaluator - DEBUG -   Coverage=1.054
2025-04-02 17:28:35,419 - face_evaluator - DEBUG -   CenterDist=0.112 => 0.888
2025-04-02 17:28:35,419 - face_evaluator - DEBUG -   Frontalness=0.860
2025-04-02 17:28:35,419 - face_evaluator - DEBUG -   EyesOpen=0.597
2025-04-02 17:28:35,419 - face_evaluator - DEBUG -   Resolution Score=30000 px => 0.060
2025-04-02 17:28:35,419 - face_evaluator - DEBUG -   => final_score=0.585
2025-04-02 17:28:35,447 - face_evaluator - DEBUG - ./output/clustered_faces/person_0/frame_295_face_1.jpg
2025-04-02 17:28:35,447 - face_evaluator - DEBUG -   Sharpness=16.8 => 0.02
2025-04-02 17:28:35,447 - face_evaluator - DEBUG -   Brightness=90.3 => 0.71
2025-04-02 17:28:35,447 - face_evaluator - DEBUG -   Coverage=1.100
2025-04-02 17:28:35,447 - face_evaluator - DEBUG -   CenterDist=0.127 => 0.873
2025-04-02 17:28:35,447 - face_evaluator - DEBUG -   Frontalness=0.919
2025-04-02 17:28:35,447 - face_evaluator - DEBUG -   EyesOpen=0.871
2025-04-02 17:28:35,447 - face_evaluator - DEBUG -   Resolution Score=28800 px => 0.058
2025-04-02 17:28:35,447 - face_evaluator - DEBUG -   => final_score=0.634
2025-04-02 17:28:35,474 - face_evaluator - DEBUG - ./output/clustered_faces/person_0/frame_290_face_1.jpg
2025-04-02 17:28:35,474 - face_evaluator - DEBUG -   Sharpness=18.0 => 0.02
2025-04-02 17:28:35,474 - face_evaluator - DEBUG -   Brightness=90.9 => 0.71
2025-04-02 17:28:35,474 - face_evaluator - DEBUG -   Coverage=1.100
2025-04-02 17:28:35,474 - face_evaluator - DEBUG -   CenterDist=0.145 => 0.855
2025-04-02 17:28:35,474 - face_evaluator - DEBUG -   Frontalness=0.905
2025-04-02 17:28:35,474 - face_evaluator - DEBUG -   EyesOpen=0.897
2025-04-02 17:28:35,474 - face_evaluator - DEBUG -   Resolution Score=28800 px => 0.058
2025-04-02 17:28:35,474 - face_evaluator - DEBUG -   => final_score=0.634
2025-04-02 17:28:35,501 - face_evaluator - DEBUG - ./output/clustered_faces/person_0/frame_20_face_1.jpg
2025-04-02 17:28:35,501 - face_evaluator - DEBUG -   Sharpness=20.1 => 0.02
2025-04-02 17:28:35,501 - face_evaluator - DEBUG -   Brightness=90.5 => 0.71
2025-04-02 17:28:35,501 - face_evaluator - DEBUG -   Coverage=1.123
2025-04-02 17:28:35,501 - face_evaluator - DEBUG -   CenterDist=0.117 => 0.883
2025-04-02 17:28:35,501 - face_evaluator - DEBUG -   Frontalness=0.907
2025-04-02 17:28:35,501 - face_evaluator - DEBUG -   EyesOpen=0.668
2025-04-02 17:28:35,501 - face_evaluator - DEBUG -   Resolution Score=29250 px => 0.059
2025-04-02 17:28:35,502 - face_evaluator - DEBUG -   => final_score=0.612
2025-04-02 17:28:35,528 - face_evaluator - DEBUG - ./output/clustered_faces/person_0/frame_5_face_1.jpg
2025-04-02 17:28:35,528 - face_evaluator - DEBUG -   Sharpness=19.5 => 0.02
2025-04-02 17:28:35,528 - face_evaluator - DEBUG -   Brightness=93.3 => 0.73
2025-04-02 17:28:35,529 - face_evaluator - DEBUG -   Coverage=1.055
2025-04-02 17:28:35,529 - face_evaluator - DEBUG -   CenterDist=0.091 => 0.909
2025-04-02 17:28:35,529 - face_evaluator - DEBUG -   Frontalness=0.966
2025-04-02 17:28:35,529 - face_evaluator - DEBUG -   EyesOpen=0.493
2025-04-02 17:28:35,529 - face_evaluator - DEBUG -   Resolution Score=28800 px => 0.058
2025-04-02 17:28:35,529 - face_evaluator - DEBUG -   => final_score=0.593
2025-04-02 17:28:35,556 - face_evaluator - DEBUG - ./output/clustered_faces/person_0/frame_280_face_0.jpg
2025-04-02 17:28:35,556 - face_evaluator - DEBUG -   Sharpness=16.9 => 0.02
2025-04-02 17:28:35,556 - face_evaluator - DEBUG -   Brightness=90.5 => 0.71
2025-04-02 17:28:35,556 - face_evaluator - DEBUG -   Coverage=1.159
2025-04-02 17:28:35,556 - face_evaluator - DEBUG -   CenterDist=0.148 => 0.852
2025-04-02 17:28:35,556 - face_evaluator - DEBUG -   Frontalness=0.881
2025-04-02 17:28:35,556 - face_evaluator - DEBUG -   EyesOpen=0.916
2025-04-02 17:28:35,557 - face_evaluator - DEBUG -   Resolution Score=30000 px => 0.060
2025-04-02 17:28:35,557 - face_evaluator - DEBUG -   => final_score=0.642
2025-04-02 17:28:35,580 - face_evaluator - DEBUG - ./output/clustered_faces/person_0/frame_140_face_0.jpg
2025-04-02 17:28:35,580 - face_evaluator - DEBUG -   Sharpness=20.9 => 0.02
2025-04-02 17:28:35,580 - face_evaluator - DEBUG -   Brightness=91.4 => 0.71
2025-04-02 17:28:35,580 - face_evaluator - DEBUG -   Coverage=0.900
2025-04-02 17:28:35,580 - face_evaluator - DEBUG -   CenterDist=0.103 => 0.897
2025-04-02 17:28:35,580 - face_evaluator - DEBUG -   Frontalness=0.996
2025-04-02 17:28:35,580 - face_evaluator - DEBUG -   EyesOpen=0.585
2025-04-02 17:28:35,580 - face_evaluator - DEBUG -   Resolution Score=29700 px => 0.059
2025-04-02 17:28:35,581 - face_evaluator - DEBUG -   => final_score=0.582
2025-04-02 17:28:35,605 - face_evaluator - DEBUG - ./output/clustered_faces/person_0/frame_110_face_0.jpg
2025-04-02 17:28:35,605 - face_evaluator - DEBUG -   Sharpness=22.1 => 0.02
2025-04-02 17:28:35,605 - face_evaluator - DEBUG -   Brightness=91.9 => 0.72
2025-04-02 17:28:35,605 - face_evaluator - DEBUG -   Coverage=0.687
2025-04-02 17:28:35,605 - face_evaluator - DEBUG -   CenterDist=0.122 => 0.878
2025-04-02 17:28:35,605 - face_evaluator - DEBUG -   Frontalness=0.986
2025-04-02 17:28:35,605 - face_evaluator - DEBUG -   EyesOpen=0.805
2025-04-02 17:28:35,605 - face_evaluator - DEBUG -   Resolution Score=29700 px => 0.059
2025-04-02 17:28:35,605 - face_evaluator - DEBUG -   => final_score=0.576
2025-04-02 17:28:35,629 - face_evaluator - DEBUG - ./output/clustered_faces/person_0/frame_115_face_0.jpg
2025-04-02 17:28:35,629 - face_evaluator - DEBUG -   Sharpness=21.9 => 0.02
2025-04-02 17:28:35,629 - face_evaluator - DEBUG -   Brightness=91.5 => 0.71
2025-04-02 17:28:35,629 - face_evaluator - DEBUG -   Coverage=0.792
2025-04-02 17:28:35,629 - face_evaluator - DEBUG -   CenterDist=0.139 => 0.861
2025-04-02 17:28:35,629 - face_evaluator - DEBUG -   Frontalness=0.928
2025-04-02 17:28:35,629 - face_evaluator - DEBUG -   EyesOpen=0.755
2025-04-02 17:28:35,629 - face_evaluator - DEBUG -   Resolution Score=29700 px => 0.059
2025-04-02 17:28:35,629 - face_evaluator - DEBUG -   => final_score=0.575
2025-04-02 17:28:35,656 - face_evaluator - DEBUG - ./output/clustered_faces/person_0/frame_95_face_0.jpg
2025-04-02 17:28:35,656 - face_evaluator - DEBUG -   Sharpness=21.0 => 0.02
2025-04-02 17:28:35,656 - face_evaluator - DEBUG -   Brightness=93.3 => 0.73
2025-04-02 17:28:35,656 - face_evaluator - DEBUG -   Coverage=1.062
2025-04-02 17:28:35,656 - face_evaluator - DEBUG -   CenterDist=0.051 => 0.949
2025-04-02 17:28:35,656 - face_evaluator - DEBUG -   Frontalness=0.578
2025-04-02 17:28:35,656 - face_evaluator - DEBUG -   EyesOpen=0.603
2025-04-02 17:28:35,656 - face_evaluator - DEBUG -   Resolution Score=29400 px => 0.059
2025-04-02 17:28:35,657 - face_evaluator - DEBUG -   => final_score=0.564
2025-04-02 17:28:35,681 - face_evaluator - DEBUG - ./output/clustered_faces/person_0/frame_50_face_1.jpg
2025-04-02 17:28:35,681 - face_evaluator - DEBUG -   Sharpness=20.3 => 0.02
2025-04-02 17:28:35,681 - face_evaluator - DEBUG -   Brightness=92.5 => 0.72
2025-04-02 17:28:35,681 - face_evaluator - DEBUG -   Coverage=0.789
2025-04-02 17:28:35,681 - face_evaluator - DEBUG -   CenterDist=0.139 => 0.861
2025-04-02 17:28:35,681 - face_evaluator - DEBUG -   Frontalness=0.780
2025-04-02 17:28:35,681 - face_evaluator - DEBUG -   EyesOpen=0.763
2025-04-02 17:28:35,681 - face_evaluator - DEBUG -   Resolution Score=30450 px => 0.061
2025-04-02 17:28:35,681 - face_evaluator - DEBUG -   => final_score=0.557
2025-04-02 17:28:35,706 - face_evaluator - DEBUG - ./output/clustered_faces/person_0/frame_180_face_0.jpg
2025-04-02 17:28:35,706 - face_evaluator - DEBUG -   Sharpness=20.4 => 0.02
2025-04-02 17:28:35,706 - face_evaluator - DEBUG -   Brightness=91.7 => 0.72
2025-04-02 17:28:35,706 - face_evaluator - DEBUG -   Coverage=0.739
2025-04-02 17:28:35,706 - face_evaluator - DEBUG -   CenterDist=0.081 => 0.919
2025-04-02 17:28:35,706 - face_evaluator - DEBUG -   Frontalness=0.872
2025-04-02 17:28:35,706 - face_evaluator - DEBUG -   EyesOpen=1.000
2025-04-02 17:28:35,706 - face_evaluator - DEBUG -   Resolution Score=29700 px => 0.059
2025-04-02 17:28:35,706 - face_evaluator - DEBUG -   => final_score=0.599
2025-04-02 17:28:35,734 - face_evaluator - DEBUG - ./output/clustered_faces/person_0/frame_30_face_0.jpg
2025-04-02 17:28:35,734 - face_evaluator - DEBUG -   Sharpness=19.6 => 0.02
2025-04-02 17:28:35,734 - face_evaluator - DEBUG -   Brightness=91.2 => 0.71
2025-04-02 17:28:35,734 - face_evaluator - DEBUG -   Coverage=1.069
2025-04-02 17:28:35,734 - face_evaluator - DEBUG -   CenterDist=0.041 => 0.959
2025-04-02 17:28:35,734 - face_evaluator - DEBUG -   Frontalness=0.803
2025-04-02 17:28:35,734 - face_evaluator - DEBUG -   EyesOpen=0.722
2025-04-02 17:28:35,734 - face_evaluator - DEBUG -   Resolution Score=30000 px => 0.060
2025-04-02 17:28:35,734 - face_evaluator - DEBUG -   => final_score=0.608
2025-04-02 17:28:35,761 - face_evaluator - DEBUG - ./output/clustered_faces/person_0/frame_320_face_0.jpg
2025-04-02 17:28:35,761 - face_evaluator - DEBUG -   Sharpness=16.8 => 0.02
2025-04-02 17:28:35,761 - face_evaluator - DEBUG -   Brightness=91.8 => 0.72
2025-04-02 17:28:35,761 - face_evaluator - DEBUG -   Coverage=1.125
2025-04-02 17:28:35,761 - face_evaluator - DEBUG -   CenterDist=0.144 => 0.856
2025-04-02 17:28:35,761 - face_evaluator - DEBUG -   Frontalness=0.824
2025-04-02 17:28:35,761 - face_evaluator - DEBUG -   EyesOpen=0.709
2025-04-02 17:28:35,762 - face_evaluator - DEBUG -   Resolution Score=28950 px => 0.058
2025-04-02 17:28:35,762 - face_evaluator - DEBUG -   => final_score=0.604
2025-04-02 17:28:35,789 - face_evaluator - DEBUG - ./output/clustered_faces/person_0/frame_205_face_0.jpg
2025-04-02 17:28:35,789 - face_evaluator - DEBUG -   Sharpness=18.4 => 0.02
2025-04-02 17:28:35,789 - face_evaluator - DEBUG -   Brightness=90.7 => 0.71
2025-04-02 17:28:35,789 - face_evaluator - DEBUG -   Coverage=1.136
2025-04-02 17:28:35,789 - face_evaluator - DEBUG -   CenterDist=0.133 => 0.867
2025-04-02 17:28:35,789 - face_evaluator - DEBUG -   Frontalness=0.915
2025-04-02 17:28:35,789 - face_evaluator - DEBUG -   EyesOpen=0.630
2025-04-02 17:28:35,789 - face_evaluator - DEBUG -   Resolution Score=28950 px => 0.058
2025-04-02 17:28:35,789 - face_evaluator - DEBUG -   => final_score=0.608
2025-04-02 17:28:35,816 - face_evaluator - DEBUG - ./output/clustered_faces/person_0/frame_270_face_0.jpg
2025-04-02 17:28:35,817 - face_evaluator - DEBUG -   Sharpness=18.8 => 0.02
2025-04-02 17:28:35,817 - face_evaluator - DEBUG -   Brightness=91.5 => 0.72
2025-04-02 17:28:35,817 - face_evaluator - DEBUG -   Coverage=1.093
2025-04-02 17:28:35,817 - face_evaluator - DEBUG -   CenterDist=0.165 => 0.835
2025-04-02 17:28:35,817 - face_evaluator - DEBUG -   Frontalness=0.860
2025-04-02 17:28:35,817 - face_evaluator - DEBUG -   EyesOpen=0.962
2025-04-02 17:28:35,817 - face_evaluator - DEBUG -   Resolution Score=28800 px => 0.058
2025-04-02 17:28:35,817 - face_evaluator - DEBUG -   => final_score=0.634
2025-04-02 17:28:35,844 - face_evaluator - DEBUG - ./output/clustered_faces/person_1/frame_305_face_3.jpg
2025-04-02 17:28:35,844 - face_evaluator - DEBUG -   Sharpness=4.4 => 0.00
2025-04-02 17:28:35,844 - face_evaluator - DEBUG -   Brightness=102.4 => 0.80
2025-04-02 17:28:35,844 - face_evaluator - DEBUG -   Coverage=1.044
2025-04-02 17:28:35,844 - face_evaluator - DEBUG -   CenterDist=0.064 => 0.936
2025-04-02 17:28:35,844 - face_evaluator - DEBUG -   Frontalness=0.000
2025-04-02 17:28:35,844 - face_evaluator - DEBUG -   EyesOpen=0.000
2025-04-02 17:28:35,844 - face_evaluator - DEBUG -   Resolution Score=36900 px => 0.074
2025-04-02 17:28:35,844 - face_evaluator - DEBUG -   => final_score=0.416
2025-04-02 17:28:35,855 - face_evaluator - DEBUG - Face not found: ./output/clustered_faces/person_1/frame_310_face_2.jpg
2025-04-02 17:28:35,881 - face_evaluator - DEBUG - ./output/clustered_faces/person_1/frame_95_face_3.jpg
2025-04-02 17:28:35,881 - face_evaluator - DEBUG -   Sharpness=5.6 => 0.01
2025-04-02 17:28:35,881 - face_evaluator - DEBUG -   Brightness=101.6 => 0.79
2025-04-02 17:28:35,881 - face_evaluator - DEBUG -   Coverage=1.364
2025-04-02 17:28:35,881 - face_evaluator - DEBUG -   CenterDist=0.104 => 0.896
2025-04-02 17:28:35,882 - face_evaluator - DEBUG -   Frontalness=0.000
2025-04-02 17:28:35,882 - face_evaluator - DEBUG -   EyesOpen=0.000
2025-04-02 17:28:35,882 - face_evaluator - DEBUG -   Resolution Score=34650 px => 0.069
2025-04-02 17:28:35,882 - face_evaluator - DEBUG -   => final_score=0.457
2025-04-02 17:28:35,893 - face_evaluator - DEBUG - Face not found: ./output/clustered_faces/person_1/frame_290_face_3.jpg
2025-04-02 17:28:35,919 - face_evaluator - DEBUG - ./output/clustered_faces/person_1/frame_295_face_3.jpg
2025-04-02 17:28:35,919 - face_evaluator - DEBUG -   Sharpness=5.0 => 0.01
2025-04-02 17:28:35,919 - face_evaluator - DEBUG -   Brightness=91.7 => 0.72
2025-04-02 17:28:35,919 - face_evaluator - DEBUG -   Coverage=0.793
2025-04-02 17:28:35,919 - face_evaluator - DEBUG -   CenterDist=0.155 => 0.845
2025-04-02 17:28:35,919 - face_evaluator - DEBUG -   Frontalness=0.000
2025-04-02 17:28:35,919 - face_evaluator - DEBUG -   EyesOpen=0.000
2025-04-02 17:28:35,919 - face_evaluator - DEBUG -   Resolution Score=34050 px => 0.068
2025-04-02 17:28:35,919 - face_evaluator - DEBUG -   => final_score=0.353
2025-04-02 17:28:35,930 - face_evaluator - DEBUG - Face not found: ./output/clustered_faces/person_1/frame_330_face_3.jpg
2025-04-02 17:28:35,955 - face_evaluator - DEBUG - ./output/clustered_faces/person_1/frame_315_face_3.jpg
2025-04-02 17:28:35,955 - face_evaluator - DEBUG -   Sharpness=12.0 => 0.01
2025-04-02 17:28:35,955 - face_evaluator - DEBUG -   Brightness=106.9 => 0.84
2025-04-02 17:28:35,955 - face_evaluator - DEBUG -   Coverage=1.063
2025-04-02 17:28:35,955 - face_evaluator - DEBUG -   CenterDist=0.097 => 0.903
2025-04-02 17:28:35,955 - face_evaluator - DEBUG -   Frontalness=0.000
2025-04-02 17:28:35,955 - face_evaluator - DEBUG -   EyesOpen=0.000
2025-04-02 17:28:35,955 - face_evaluator - DEBUG -   Resolution Score=27900 px => 0.056
2025-04-02 17:28:35,955 - face_evaluator - DEBUG -   => final_score=0.419
2025-04-02 17:28:35,981 - face_evaluator - DEBUG - ./output/clustered_faces/person_1/frame_315_face_4.jpg
2025-04-02 17:28:35,981 - face_evaluator - DEBUG -   Sharpness=8.8 => 0.01
2025-04-02 17:28:35,981 - face_evaluator - DEBUG -   Brightness=107.8 => 0.84
2025-04-02 17:28:35,981 - face_evaluator - DEBUG -   Coverage=1.030
2025-04-02 17:28:35,981 - face_evaluator - DEBUG -   CenterDist=0.016 => 0.984
2025-04-02 17:28:35,981 - face_evaluator - DEBUG -   Frontalness=0.000
2025-04-02 17:28:35,981 - face_evaluator - DEBUG -   EyesOpen=0.000
2025-04-02 17:28:35,981 - face_evaluator - DEBUG -   Resolution Score=29700 px => 0.059
2025-04-02 17:28:35,981 - face_evaluator - DEBUG -   => final_score=0.426
2025-04-02 17:28:36,006 - face_evaluator - DEBUG - ./output/clustered_faces/person_4/frame_325_face_0.jpg
2025-04-02 17:28:36,007 - face_evaluator - DEBUG -   Sharpness=11.4 => 0.01
2025-04-02 17:28:36,007 - face_evaluator - DEBUG -   Brightness=97.9 => 0.76
2025-04-02 17:28:36,007 - face_evaluator - DEBUG -   Coverage=0.850
2025-04-02 17:28:36,007 - face_evaluator - DEBUG -   CenterDist=0.087 => 0.913
2025-04-02 17:28:36,007 - face_evaluator - DEBUG -   Frontalness=0.784
2025-04-02 17:28:36,007 - face_evaluator - DEBUG -   EyesOpen=0.661
2025-04-02 17:28:36,007 - face_evaluator - DEBUG -   Resolution Score=32100 px => 0.064
2025-04-02 17:28:36,007 - face_evaluator - DEBUG -   => final_score=0.566
2025-04-02 17:28:36,031 - face_evaluator - DEBUG - ./output/clustered_faces/person_4/frame_320_face_1.jpg
2025-04-02 17:28:36,031 - face_evaluator - DEBUG -   Sharpness=12.3 => 0.01
2025-04-02 17:28:36,031 - face_evaluator - DEBUG -   Brightness=101.1 => 0.79
2025-04-02 17:28:36,031 - face_evaluator - DEBUG -   Coverage=0.957
2025-04-02 17:28:36,031 - face_evaluator - DEBUG -   CenterDist=0.063 => 0.937
2025-04-02 17:28:36,031 - face_evaluator - DEBUG -   Frontalness=0.727
2025-04-02 17:28:36,031 - face_evaluator - DEBUG -   EyesOpen=0.837
2025-04-02 17:28:36,031 - face_evaluator - DEBUG -   Resolution Score=32100 px => 0.064
2025-04-02 17:28:36,031 - face_evaluator - DEBUG -   => final_score=0.605
2025-04-02 17:28:36,056 - face_evaluator - DEBUG - ./output/clustered_faces/person_4/frame_110_face_2.jpg
2025-04-02 17:28:36,056 - face_evaluator - DEBUG -   Sharpness=12.4 => 0.01
2025-04-02 17:28:36,056 - face_evaluator - DEBUG -   Brightness=100.3 => 0.78
2025-04-02 17:28:36,056 - face_evaluator - DEBUG -   Coverage=0.795
2025-04-02 17:28:36,056 - face_evaluator - DEBUG -   CenterDist=0.074 => 0.926
2025-04-02 17:28:36,056 - face_evaluator - DEBUG -   Frontalness=0.709
2025-04-02 17:28:36,056 - face_evaluator - DEBUG -   EyesOpen=0.562
2025-04-02 17:28:36,056 - face_evaluator - DEBUG -   Resolution Score=32100 px => 0.064
2025-04-02 17:28:36,056 - face_evaluator - DEBUG -   => final_score=0.540
2025-04-02 17:28:36,080 - face_evaluator - DEBUG - ./output/clustered_faces/person_4/frame_155_face_1.jpg
2025-04-02 17:28:36,080 - face_evaluator - DEBUG -   Sharpness=12.7 => 0.01
2025-04-02 17:28:36,080 - face_evaluator - DEBUG -   Brightness=97.8 => 0.76
2025-04-02 17:28:36,080 - face_evaluator - DEBUG -   Coverage=0.940
2025-04-02 17:28:36,080 - face_evaluator - DEBUG -   CenterDist=0.087 => 0.913
2025-04-02 17:28:36,081 - face_evaluator - DEBUG -   Frontalness=0.744
2025-04-02 17:28:36,081 - face_evaluator - DEBUG -   EyesOpen=0.601
2025-04-02 17:28:36,081 - face_evaluator - DEBUG -   Resolution Score=31350 px => 0.063
2025-04-02 17:28:36,081 - face_evaluator - DEBUG -   => final_score=0.566
2025-04-02 17:28:36,105 - face_evaluator - DEBUG - ./output/clustered_faces/person_4/frame_130_face_2.jpg
2025-04-02 17:28:36,105 - face_evaluator - DEBUG -   Sharpness=11.5 => 0.01
2025-04-02 17:28:36,105 - face_evaluator - DEBUG -   Brightness=98.2 => 0.77
2025-04-02 17:28:36,105 - face_evaluator - DEBUG -   Coverage=0.810
2025-04-02 17:28:36,105 - face_evaluator - DEBUG -   CenterDist=0.083 => 0.917
2025-04-02 17:28:36,105 - face_evaluator - DEBUG -   Frontalness=0.700
2025-04-02 17:28:36,106 - face_evaluator - DEBUG -   EyesOpen=0.354
2025-04-02 17:28:36,106 - face_evaluator - DEBUG -   Resolution Score=32700 px => 0.065
2025-04-02 17:28:36,106 - face_evaluator - DEBUG -   => final_score=0.510
2025-04-02 17:28:36,130 - face_evaluator - DEBUG - ./output/clustered_faces/person_4/frame_250_face_2.jpg
2025-04-02 17:28:36,130 - face_evaluator - DEBUG -   Sharpness=10.8 => 0.01
2025-04-02 17:28:36,130 - face_evaluator - DEBUG -   Brightness=99.1 => 0.77
2025-04-02 17:28:36,130 - face_evaluator - DEBUG -   Coverage=0.976
2025-04-02 17:28:36,130 - face_evaluator - DEBUG -   CenterDist=0.076 => 0.924
2025-04-02 17:28:36,130 - face_evaluator - DEBUG -   Frontalness=0.799
2025-04-02 17:28:36,130 - face_evaluator - DEBUG -   EyesOpen=0.766
2025-04-02 17:28:36,130 - face_evaluator - DEBUG -   Resolution Score=32400 px => 0.065
2025-04-02 17:28:36,130 - face_evaluator - DEBUG -   => final_score=0.603
2025-04-02 17:28:36,154 - face_evaluator - DEBUG - ./output/clustered_faces/person_4/frame_145_face_3.jpg
2025-04-02 17:28:36,154 - face_evaluator - DEBUG -   Sharpness=11.9 => 0.01
2025-04-02 17:28:36,155 - face_evaluator - DEBUG -   Brightness=98.7 => 0.77
2025-04-02 17:28:36,155 - face_evaluator - DEBUG -   Coverage=0.977
2025-04-02 17:28:36,155 - face_evaluator - DEBUG -   CenterDist=0.088 => 0.912
2025-04-02 17:28:36,155 - face_evaluator - DEBUG -   Frontalness=0.762
2025-04-02 17:28:36,155 - face_evaluator - DEBUG -   EyesOpen=0.625
2025-04-02 17:28:36,155 - face_evaluator - DEBUG -   Resolution Score=31500 px => 0.063
2025-04-02 17:28:36,155 - face_evaluator - DEBUG -   => final_score=0.579
2025-04-02 17:28:36,179 - face_evaluator - DEBUG - ./output/clustered_faces/person_4/frame_240_face_3.jpg
2025-04-02 17:28:36,179 - face_evaluator - DEBUG -   Sharpness=11.7 => 0.01
2025-04-02 17:28:36,179 - face_evaluator - DEBUG -   Brightness=99.0 => 0.77
2025-04-02 17:28:36,179 - face_evaluator - DEBUG -   Coverage=0.963
2025-04-02 17:28:36,180 - face_evaluator - DEBUG -   CenterDist=0.090 => 0.910
2025-04-02 17:28:36,180 - face_evaluator - DEBUG -   Frontalness=0.817
2025-04-02 17:28:36,180 - face_evaluator - DEBUG -   EyesOpen=0.674
2025-04-02 17:28:36,180 - face_evaluator - DEBUG -   Resolution Score=31800 px => 0.064
2025-04-02 17:28:36,180 - face_evaluator - DEBUG -   => final_score=0.590
2025-04-02 17:28:36,203 - face_evaluator - DEBUG - ./output/clustered_faces/person_4/frame_195_face_3.jpg
2025-04-02 17:28:36,204 - face_evaluator - DEBUG -   Sharpness=12.5 => 0.01
2025-04-02 17:28:36,204 - face_evaluator - DEBUG -   Brightness=99.1 => 0.77
2025-04-02 17:28:36,204 - face_evaluator - DEBUG -   Coverage=0.876
2025-04-02 17:28:36,204 - face_evaluator - DEBUG -   CenterDist=0.092 => 0.908
2025-04-02 17:28:36,204 - face_evaluator - DEBUG -   Frontalness=0.807
2025-04-02 17:28:36,204 - face_evaluator - DEBUG -   EyesOpen=0.565
2025-04-02 17:28:36,204 - face_evaluator - DEBUG -   Resolution Score=30750 px => 0.061
2025-04-02 17:28:36,204 - face_evaluator - DEBUG -   => final_score=0.561
2025-04-02 17:28:36,228 - face_evaluator - DEBUG - ./output/clustered_faces/person_4/frame_200_face_3.jpg
2025-04-02 17:28:36,228 - face_evaluator - DEBUG -   Sharpness=12.6 => 0.01
2025-04-02 17:28:36,228 - face_evaluator - DEBUG -   Brightness=98.2 => 0.77
2025-04-02 17:28:36,228 - face_evaluator - DEBUG -   Coverage=0.862
2025-04-02 17:28:36,228 - face_evaluator - DEBUG -   CenterDist=0.069 => 0.931
2025-04-02 17:28:36,228 - face_evaluator - DEBUG -   Frontalness=0.715
2025-04-02 17:28:36,228 - face_evaluator - DEBUG -   EyesOpen=0.707
2025-04-02 17:28:36,228 - face_evaluator - DEBUG -   Resolution Score=32100 px => 0.064
2025-04-02 17:28:36,228 - face_evaluator - DEBUG -   => final_score=0.568
2025-04-02 17:28:36,252 - face_evaluator - DEBUG - ./output/clustered_faces/person_4/frame_170_face_2.jpg
2025-04-02 17:28:36,252 - face_evaluator - DEBUG -   Sharpness=11.7 => 0.01
2025-04-02 17:28:36,252 - face_evaluator - DEBUG -   Brightness=99.7 => 0.78
2025-04-02 17:28:36,253 - face_evaluator - DEBUG -   Coverage=0.896
2025-04-02 17:28:36,253 - face_evaluator - DEBUG -   CenterDist=0.098 => 0.902
2025-04-02 17:28:36,253 - face_evaluator - DEBUG -   Frontalness=0.696
2025-04-02 17:28:36,253 - face_evaluator - DEBUG -   EyesOpen=0.612
2025-04-02 17:28:36,253 - face_evaluator - DEBUG -   Resolution Score=32100 px => 0.064
2025-04-02 17:28:36,253 - face_evaluator - DEBUG -   => final_score=0.556
2025-04-02 17:28:36,277 - face_evaluator - DEBUG - ./output/clustered_faces/person_4/frame_290_face_0.jpg
2025-04-02 17:28:36,277 - face_evaluator - DEBUG -   Sharpness=11.7 => 0.01
2025-04-02 17:28:36,277 - face_evaluator - DEBUG -   Brightness=99.3 => 0.78
2025-04-02 17:28:36,277 - face_evaluator - DEBUG -   Coverage=0.900
2025-04-02 17:28:36,277 - face_evaluator - DEBUG -   CenterDist=0.060 => 0.940
2025-04-02 17:28:36,277 - face_evaluator - DEBUG -   Frontalness=0.741
2025-04-02 17:28:36,277 - face_evaluator - DEBUG -   EyesOpen=0.579
2025-04-02 17:28:36,277 - face_evaluator - DEBUG -   Resolution Score=32100 px => 0.064
2025-04-02 17:28:36,277 - face_evaluator - DEBUG -   => final_score=0.563
2025-04-02 17:28:36,301 - face_evaluator - DEBUG - ./output/clustered_faces/person_4/frame_115_face_2.jpg
2025-04-02 17:28:36,301 - face_evaluator - DEBUG -   Sharpness=12.7 => 0.01
2025-04-02 17:28:36,301 - face_evaluator - DEBUG -   Brightness=98.0 => 0.77
2025-04-02 17:28:36,301 - face_evaluator - DEBUG -   Coverage=0.807
2025-04-02 17:28:36,301 - face_evaluator - DEBUG -   CenterDist=0.090 => 0.910
2025-04-02 17:28:36,301 - face_evaluator - DEBUG -   Frontalness=0.680
2025-04-02 17:28:36,301 - face_evaluator - DEBUG -   EyesOpen=0.562
2025-04-02 17:28:36,301 - face_evaluator - DEBUG -   Resolution Score=31950 px => 0.064
2025-04-02 17:28:36,301 - face_evaluator - DEBUG -   => final_score=0.533
2025-04-02 17:28:36,326 - face_evaluator - DEBUG - ./output/clustered_faces/person_4/frame_55_face_1.jpg
2025-04-02 17:28:36,327 - face_evaluator - DEBUG -   Sharpness=11.2 => 0.01
2025-04-02 17:28:36,327 - face_evaluator - DEBUG -   Brightness=98.2 => 0.77
2025-04-02 17:28:36,327 - face_evaluator - DEBUG -   Coverage=0.851
2025-04-02 17:28:36,327 - face_evaluator - DEBUG -   CenterDist=0.104 => 0.896
2025-04-02 17:28:36,327 - face_evaluator - DEBUG -   Frontalness=0.780
2025-04-02 17:28:36,327 - face_evaluator - DEBUG -   EyesOpen=0.432
2025-04-02 17:28:36,327 - face_evaluator - DEBUG -   Resolution Score=31500 px => 0.063
2025-04-02 17:28:36,327 - face_evaluator - DEBUG -   => final_score=0.534
2025-04-02 17:28:36,356 - face_evaluator - DEBUG - ./output/clustered_faces/person_4/frame_210_face_0.jpg
2025-04-02 17:28:36,356 - face_evaluator - DEBUG -   Sharpness=12.7 => 0.01
2025-04-02 17:28:36,356 - face_evaluator - DEBUG -   Brightness=97.8 => 0.76
2025-04-02 17:28:36,356 - face_evaluator - DEBUG -   Coverage=0.989
2025-04-02 17:28:36,356 - face_evaluator - DEBUG -   CenterDist=0.064 => 0.936
2025-04-02 17:28:36,356 - face_evaluator - DEBUG -   Frontalness=0.816
2025-04-02 17:28:36,356 - face_evaluator - DEBUG -   EyesOpen=0.688
2025-04-02 17:28:36,357 - face_evaluator - DEBUG -   Resolution Score=31500 px => 0.063
2025-04-02 17:28:36,357 - face_evaluator - DEBUG -   => final_score=0.598
2025-04-02 17:28:36,384 - face_evaluator - DEBUG - ./output/clustered_faces/person_4/frame_105_face_2.jpg
2025-04-02 17:28:36,384 - face_evaluator - DEBUG -   Sharpness=11.2 => 0.01
2025-04-02 17:28:36,384 - face_evaluator - DEBUG -   Brightness=99.5 => 0.78
2025-04-02 17:28:36,384 - face_evaluator - DEBUG -   Coverage=0.898
2025-04-02 17:28:36,384 - face_evaluator - DEBUG -   CenterDist=0.099 => 0.901
2025-04-02 17:28:36,384 - face_evaluator - DEBUG -   Frontalness=0.669
2025-04-02 17:28:36,384 - face_evaluator - DEBUG -   EyesOpen=0.537
2025-04-02 17:28:36,384 - face_evaluator - DEBUG -   Resolution Score=32700 px => 0.065
2025-04-02 17:28:36,384 - face_evaluator - DEBUG -   => final_score=0.543
2025-04-02 17:28:36,410 - face_evaluator - DEBUG - ./output/clustered_faces/person_4/frame_95_face_1.jpg
2025-04-02 17:28:36,410 - face_evaluator - DEBUG -   Sharpness=11.5 => 0.01
2025-04-02 17:28:36,410 - face_evaluator - DEBUG -   Brightness=100.0 => 0.78
2025-04-02 17:28:36,410 - face_evaluator - DEBUG -   Coverage=0.826
2025-04-02 17:28:36,410 - face_evaluator - DEBUG -   CenterDist=0.090 => 0.910
2025-04-02 17:28:36,410 - face_evaluator - DEBUG -   Frontalness=0.655
2025-04-02 17:28:36,410 - face_evaluator - DEBUG -   EyesOpen=0.585
2025-04-02 17:28:36,410 - face_evaluator - DEBUG -   Resolution Score=32700 px => 0.065
2025-04-02 17:28:36,410 - face_evaluator - DEBUG -   => final_score=0.538
2025-04-02 17:28:36,434 - face_evaluator - DEBUG - ./output/clustered_faces/person_4/frame_10_face_3.jpg
2025-04-02 17:28:36,435 - face_evaluator - DEBUG -   Sharpness=10.1 => 0.01
2025-04-02 17:28:36,435 - face_evaluator - DEBUG -   Brightness=99.8 => 0.78
2025-04-02 17:28:36,435 - face_evaluator - DEBUG -   Coverage=1.072
2025-04-02 17:28:36,435 - face_evaluator - DEBUG -   CenterDist=0.112 => 0.888
2025-04-02 17:28:36,435 - face_evaluator - DEBUG -   Frontalness=0.636
2025-04-02 17:28:36,435 - face_evaluator - DEBUG -   EyesOpen=0.616
2025-04-02 17:28:36,435 - face_evaluator - DEBUG -   Resolution Score=33000 px => 0.066
2025-04-02 17:28:36,435 - face_evaluator - DEBUG -   => final_score=0.573
2025-04-02 17:28:36,459 - face_evaluator - DEBUG - ./output/clustered_faces/person_4/frame_265_face_2.jpg
2025-04-02 17:28:36,460 - face_evaluator - DEBUG -   Sharpness=11.8 => 0.01
2025-04-02 17:28:36,460 - face_evaluator - DEBUG -   Brightness=96.7 => 0.76
2025-04-02 17:28:36,460 - face_evaluator - DEBUG -   Coverage=0.816
2025-04-02 17:28:36,460 - face_evaluator - DEBUG -   CenterDist=0.092 => 0.908
2025-04-02 17:28:36,460 - face_evaluator - DEBUG -   Frontalness=0.724
2025-04-02 17:28:36,460 - face_evaluator - DEBUG -   EyesOpen=0.675
2025-04-02 17:28:36,460 - face_evaluator - DEBUG -   Resolution Score=31350 px => 0.063
2025-04-02 17:28:36,460 - face_evaluator - DEBUG -   => final_score=0.553
2025-04-02 17:28:36,484 - face_evaluator - DEBUG - ./output/clustered_faces/person_4/frame_175_face_2.jpg
2025-04-02 17:28:36,484 - face_evaluator - DEBUG -   Sharpness=11.6 => 0.01
2025-04-02 17:28:36,484 - face_evaluator - DEBUG -   Brightness=99.6 => 0.78
2025-04-02 17:28:36,484 - face_evaluator - DEBUG -   Coverage=0.951
2025-04-02 17:28:36,484 - face_evaluator - DEBUG -   CenterDist=0.106 => 0.894
2025-04-02 17:28:36,484 - face_evaluator - DEBUG -   Frontalness=0.692
2025-04-02 17:28:36,484 - face_evaluator - DEBUG -   EyesOpen=0.675
2025-04-02 17:28:36,484 - face_evaluator - DEBUG -   Resolution Score=32100 px => 0.064
2025-04-02 17:28:36,484 - face_evaluator - DEBUG -   => final_score=0.571
2025-04-02 17:28:36,509 - face_evaluator - DEBUG - ./output/clustered_faces/person_4/frame_180_face_3.jpg
2025-04-02 17:28:36,509 - face_evaluator - DEBUG -   Sharpness=12.0 => 0.01
2025-04-02 17:28:36,509 - face_evaluator - DEBUG -   Brightness=100.0 => 0.78
2025-04-02 17:28:36,509 - face_evaluator - DEBUG -   Coverage=0.865
2025-04-02 17:28:36,509 - face_evaluator - DEBUG -   CenterDist=0.098 => 0.902
2025-04-02 17:28:36,509 - face_evaluator - DEBUG -   Frontalness=0.677
2025-04-02 17:28:36,509 - face_evaluator - DEBUG -   EyesOpen=0.618
2025-04-02 17:28:36,509 - face_evaluator - DEBUG -   Resolution Score=32700 px => 0.065
2025-04-02 17:28:36,509 - face_evaluator - DEBUG -   => final_score=0.550
2025-04-02 17:28:36,530 - face_evaluator - DEBUG - ./output/clustered_faces/person_4/frame_30_face_2.jpg
2025-04-02 17:28:36,530 - face_evaluator - DEBUG -   Sharpness=11.2 => 0.01
2025-04-02 17:28:36,530 - face_evaluator - DEBUG -   Brightness=99.4 => 0.78
2025-04-02 17:28:36,530 - face_evaluator - DEBUG -   Coverage=0.796
2025-04-02 17:28:36,530 - face_evaluator - DEBUG -   CenterDist=0.090 => 0.910
2025-04-02 17:28:36,530 - face_evaluator - DEBUG -   Frontalness=0.624
2025-04-02 17:28:36,530 - face_evaluator - DEBUG -   EyesOpen=0.457
2025-04-02 17:28:36,530 - face_evaluator - DEBUG -   Resolution Score=31500 px => 0.063
2025-04-02 17:28:36,530 - face_evaluator - DEBUG -   => final_score=0.512
2025-04-02 17:28:36,552 - face_evaluator - DEBUG - ./output/clustered_faces/person_4/frame_20_face_2.jpg
2025-04-02 17:28:36,552 - face_evaluator - DEBUG -   Sharpness=10.8 => 0.01
2025-04-02 17:28:36,552 - face_evaluator - DEBUG -   Brightness=98.2 => 0.77
2025-04-02 17:28:36,552 - face_evaluator - DEBUG -   Coverage=0.871
2025-04-02 17:28:36,552 - face_evaluator - DEBUG -   CenterDist=0.091 => 0.909
2025-04-02 17:28:36,552 - face_evaluator - DEBUG -   Frontalness=0.620
2025-04-02 17:28:36,552 - face_evaluator - DEBUG -   EyesOpen=0.653
2025-04-02 17:28:36,552 - face_evaluator - DEBUG -   Resolution Score=31500 px => 0.063
2025-04-02 17:28:36,552 - face_evaluator - DEBUG -   => final_score=0.547
2025-04-02 17:28:36,576 - face_evaluator - DEBUG - ./output/clustered_faces/person_4/frame_270_face_3.jpg
2025-04-02 17:28:36,576 - face_evaluator - DEBUG -   Sharpness=11.6 => 0.01
2025-04-02 17:28:36,576 - face_evaluator - DEBUG -   Brightness=97.4 => 0.76
2025-04-02 17:28:36,576 - face_evaluator - DEBUG -   Coverage=0.871
2025-04-02 17:28:36,576 - face_evaluator - DEBUG -   CenterDist=0.087 => 0.913
2025-04-02 17:28:36,577 - face_evaluator - DEBUG -   Frontalness=0.758
2025-04-02 17:28:36,577 - face_evaluator - DEBUG -   EyesOpen=0.666
2025-04-02 17:28:36,577 - face_evaluator - DEBUG -   Resolution Score=32100 px => 0.064
2025-04-02 17:28:36,577 - face_evaluator - DEBUG -   => final_score=0.566
2025-04-02 17:28:36,601 - face_evaluator - DEBUG - ./output/clustered_faces/person_4/frame_100_face_1.jpg
2025-04-02 17:28:36,601 - face_evaluator - DEBUG -   Sharpness=12.9 => 0.01
2025-04-02 17:28:36,601 - face_evaluator - DEBUG -   Brightness=99.0 => 0.77
2025-04-02 17:28:36,601 - face_evaluator - DEBUG -   Coverage=0.746
2025-04-02 17:28:36,601 - face_evaluator - DEBUG -   CenterDist=0.089 => 0.911
2025-04-02 17:28:36,601 - face_evaluator - DEBUG -   Frontalness=0.690
2025-04-02 17:28:36,601 - face_evaluator - DEBUG -   EyesOpen=0.679
2025-04-02 17:28:36,601 - face_evaluator - DEBUG -   Resolution Score=31950 px => 0.064
2025-04-02 17:28:36,601 - face_evaluator - DEBUG -   => final_score=0.542
2025-04-02 17:28:36,625 - face_evaluator - DEBUG - ./output/clustered_faces/person_4/frame_300_face_1.jpg
2025-04-02 17:28:36,625 - face_evaluator - DEBUG -   Sharpness=11.3 => 0.01
2025-04-02 17:28:36,626 - face_evaluator - DEBUG -   Brightness=96.3 => 0.75
2025-04-02 17:28:36,626 - face_evaluator - DEBUG -   Coverage=0.932
2025-04-02 17:28:36,626 - face_evaluator - DEBUG -   CenterDist=0.092 => 0.908
2025-04-02 17:28:36,626 - face_evaluator - DEBUG -   Frontalness=0.793
2025-04-02 17:28:36,626 - face_evaluator - DEBUG -   EyesOpen=0.481
2025-04-02 17:28:36,626 - face_evaluator - DEBUG -   Resolution Score=31350 px => 0.063
2025-04-02 17:28:36,626 - face_evaluator - DEBUG -   => final_score=0.553
2025-04-02 17:28:36,650 - face_evaluator - DEBUG - ./output/clustered_faces/person_4/frame_75_face_0.jpg
2025-04-02 17:28:36,650 - face_evaluator - DEBUG -   Sharpness=10.4 => 0.01
2025-04-02 17:28:36,650 - face_evaluator - DEBUG -   Brightness=99.5 => 0.78
2025-04-02 17:28:36,650 - face_evaluator - DEBUG -   Coverage=0.976
2025-04-02 17:28:36,650 - face_evaluator - DEBUG -   CenterDist=0.088 => 0.912
2025-04-02 17:28:36,650 - face_evaluator - DEBUG -   Frontalness=0.715
2025-04-02 17:28:36,650 - face_evaluator - DEBUG -   EyesOpen=0.735
2025-04-02 17:28:36,650 - face_evaluator - DEBUG -   Resolution Score=31800 px => 0.064
2025-04-02 17:28:36,650 - face_evaluator - DEBUG -   => final_score=0.587
2025-04-02 17:28:36,675 - face_evaluator - DEBUG - ./output/clustered_faces/person_4/frame_280_face_1.jpg
2025-04-02 17:28:36,675 - face_evaluator - DEBUG -   Sharpness=11.0 => 0.01
2025-04-02 17:28:36,675 - face_evaluator - DEBUG -   Brightness=97.9 => 0.76
2025-04-02 17:28:36,675 - face_evaluator - DEBUG -   Coverage=0.930
2025-04-02 17:28:36,675 - face_evaluator - DEBUG -   CenterDist=0.131 => 0.869
2025-04-02 17:28:36,675 - face_evaluator - DEBUG -   Frontalness=0.937
2025-04-02 17:28:36,675 - face_evaluator - DEBUG -   EyesOpen=0.472
2025-04-02 17:28:36,675 - face_evaluator - DEBUG -   Resolution Score=32100 px => 0.064
2025-04-02 17:28:36,675 - face_evaluator - DEBUG -   => final_score=0.568
2025-04-02 17:28:36,699 - face_evaluator - DEBUG - ./output/clustered_faces/person_4/frame_90_face_2.jpg
2025-04-02 17:28:36,699 - face_evaluator - DEBUG -   Sharpness=11.6 => 0.01
2025-04-02 17:28:36,699 - face_evaluator - DEBUG -   Brightness=100.7 => 0.79
2025-04-02 17:28:36,699 - face_evaluator - DEBUG -   Coverage=0.859
2025-04-02 17:28:36,699 - face_evaluator - DEBUG -   CenterDist=0.093 => 0.907
2025-04-02 17:28:36,699 - face_evaluator - DEBUG -   Frontalness=0.732
2025-04-02 17:28:36,699 - face_evaluator - DEBUG -   EyesOpen=0.691
2025-04-02 17:28:36,699 - face_evaluator - DEBUG -   Resolution Score=32100 px => 0.064
2025-04-02 17:28:36,699 - face_evaluator - DEBUG -   => final_score=0.567
2025-04-02 17:28:36,724 - face_evaluator - DEBUG - ./output/clustered_faces/person_4/frame_45_face_1.jpg
2025-04-02 17:28:36,724 - face_evaluator - DEBUG -   Sharpness=11.3 => 0.01
2025-04-02 17:28:36,724 - face_evaluator - DEBUG -   Brightness=99.0 => 0.77
2025-04-02 17:28:36,724 - face_evaluator - DEBUG -   Coverage=0.920
2025-04-02 17:28:36,724 - face_evaluator - DEBUG -   CenterDist=0.085 => 0.915
2025-04-02 17:28:36,724 - face_evaluator - DEBUG -   Frontalness=0.617
2025-04-02 17:28:36,724 - face_evaluator - DEBUG -   EyesOpen=0.705
2025-04-02 17:28:36,724 - face_evaluator - DEBUG -   Resolution Score=31500 px => 0.063
2025-04-02 17:28:36,724 - face_evaluator - DEBUG -   => final_score=0.562
2025-04-02 17:28:36,748 - face_evaluator - DEBUG - ./output/clustered_faces/person_4/frame_275_face_3.jpg
2025-04-02 17:28:36,748 - face_evaluator - DEBUG -   Sharpness=11.2 => 0.01
2025-04-02 17:28:36,749 - face_evaluator - DEBUG -   Brightness=97.9 => 0.76
2025-04-02 17:28:36,749 - face_evaluator - DEBUG -   Coverage=0.983
2025-04-02 17:28:36,749 - face_evaluator - DEBUG -   CenterDist=0.089 => 0.911
2025-04-02 17:28:36,749 - face_evaluator - DEBUG -   Frontalness=0.985
2025-04-02 17:28:36,749 - face_evaluator - DEBUG -   EyesOpen=0.591
2025-04-02 17:28:36,749 - face_evaluator - DEBUG -   Resolution Score=32100 px => 0.064
2025-04-02 17:28:36,749 - face_evaluator - DEBUG -   => final_score=0.603
2025-04-02 17:28:36,773 - face_evaluator - DEBUG - ./output/clustered_faces/person_4/frame_120_face_3.jpg
2025-04-02 17:28:36,773 - face_evaluator - DEBUG -   Sharpness=11.5 => 0.01
2025-04-02 17:28:36,773 - face_evaluator - DEBUG -   Brightness=99.0 => 0.77
2025-04-02 17:28:36,773 - face_evaluator - DEBUG -   Coverage=0.867
2025-04-02 17:28:36,773 - face_evaluator - DEBUG -   CenterDist=0.072 => 0.928
2025-04-02 17:28:36,773 - face_evaluator - DEBUG -   Frontalness=0.694
2025-04-02 17:28:36,773 - face_evaluator - DEBUG -   EyesOpen=0.474
2025-04-02 17:28:36,773 - face_evaluator - DEBUG -   Resolution Score=31500 px => 0.063
2025-04-02 17:28:36,773 - face_evaluator - DEBUG -   => final_score=0.536
2025-04-02 17:28:36,800 - face_evaluator - DEBUG - ./output/clustered_faces/person_4/frame_60_face_1.jpg
2025-04-02 17:28:36,801 - face_evaluator - DEBUG -   Sharpness=11.0 => 0.01
2025-04-02 17:28:36,801 - face_evaluator - DEBUG -   Brightness=97.8 => 0.76
2025-04-02 17:28:36,801 - face_evaluator - DEBUG -   Coverage=0.826
2025-04-02 17:28:36,801 - face_evaluator - DEBUG -   CenterDist=0.136 => 0.864
2025-04-02 17:28:36,801 - face_evaluator - DEBUG -   Frontalness=0.820
2025-04-02 17:28:36,801 - face_evaluator - DEBUG -   EyesOpen=0.523
2025-04-02 17:28:36,801 - face_evaluator - DEBUG -   Resolution Score=32100 px => 0.064
2025-04-02 17:28:36,801 - face_evaluator - DEBUG -   => final_score=0.543
2025-04-02 17:28:36,825 - face_evaluator - DEBUG - ./output/clustered_faces/person_4/frame_215_face_2.jpg
2025-04-02 17:28:36,825 - face_evaluator - DEBUG -   Sharpness=12.2 => 0.01
2025-04-02 17:28:36,825 - face_evaluator - DEBUG -   Brightness=97.3 => 0.76
2025-04-02 17:28:36,825 - face_evaluator - DEBUG -   Coverage=0.913
2025-04-02 17:28:36,825 - face_evaluator - DEBUG -   CenterDist=0.110 => 0.890
2025-04-02 17:28:36,825 - face_evaluator - DEBUG -   Frontalness=0.643
2025-04-02 17:28:36,825 - face_evaluator - DEBUG -   EyesOpen=0.715
2025-04-02 17:28:36,825 - face_evaluator - DEBUG -   Resolution Score=30750 px => 0.061
2025-04-02 17:28:36,825 - face_evaluator - DEBUG -   => final_score=0.560
2025-04-02 17:28:36,849 - face_evaluator - DEBUG - ./output/clustered_faces/person_4/frame_205_face_2.jpg
2025-04-02 17:28:36,849 - face_evaluator - DEBUG -   Sharpness=11.4 => 0.01
2025-04-02 17:28:36,849 - face_evaluator - DEBUG -   Brightness=97.2 => 0.76
2025-04-02 17:28:36,849 - face_evaluator - DEBUG -   Coverage=0.841
2025-04-02 17:28:36,849 - face_evaluator - DEBUG -   CenterDist=0.126 => 0.874
2025-04-02 17:28:36,849 - face_evaluator - DEBUG -   Frontalness=0.803
2025-04-02 17:28:36,849 - face_evaluator - DEBUG -   EyesOpen=0.614
2025-04-02 17:28:36,849 - face_evaluator - DEBUG -   Resolution Score=31350 px => 0.063
2025-04-02 17:28:36,849 - face_evaluator - DEBUG -   => final_score=0.555
2025-04-02 17:28:36,873 - face_evaluator - DEBUG - ./output/clustered_faces/person_4/frame_190_face_1.jpg
2025-04-02 17:28:36,874 - face_evaluator - DEBUG -   Sharpness=12.5 => 0.01
2025-04-02 17:28:36,874 - face_evaluator - DEBUG -   Brightness=98.4 => 0.77
2025-04-02 17:28:36,874 - face_evaluator - DEBUG -   Coverage=0.856
2025-04-02 17:28:36,874 - face_evaluator - DEBUG -   CenterDist=0.074 => 0.926
2025-04-02 17:28:36,874 - face_evaluator - DEBUG -   Frontalness=0.760
2025-04-02 17:28:36,874 - face_evaluator - DEBUG -   EyesOpen=0.670
2025-04-02 17:28:36,874 - face_evaluator - DEBUG -   Resolution Score=31350 px => 0.063
2025-04-02 17:28:36,874 - face_evaluator - DEBUG -   => final_score=0.567
2025-04-02 17:28:36,898 - face_evaluator - DEBUG - ./output/clustered_faces/person_4/frame_165_face_2.jpg
2025-04-02 17:28:36,898 - face_evaluator - DEBUG -   Sharpness=10.4 => 0.01
2025-04-02 17:28:36,898 - face_evaluator - DEBUG -   Brightness=100.5 => 0.79
2025-04-02 17:28:36,898 - face_evaluator - DEBUG -   Coverage=1.074
2025-04-02 17:28:36,898 - face_evaluator - DEBUG -   CenterDist=0.093 => 0.907
2025-04-02 17:28:36,898 - face_evaluator - DEBUG -   Frontalness=0.792
2025-04-02 17:28:36,898 - face_evaluator - DEBUG -   EyesOpen=0.582
2025-04-02 17:28:36,898 - face_evaluator - DEBUG -   Resolution Score=32400 px => 0.065
2025-04-02 17:28:36,898 - face_evaluator - DEBUG -   => final_score=0.593
2025-04-02 17:28:36,922 - face_evaluator - DEBUG - ./output/clustered_faces/person_4/frame_310_face_1.jpg
2025-04-02 17:28:36,922 - face_evaluator - DEBUG -   Sharpness=11.2 => 0.01
2025-04-02 17:28:36,922 - face_evaluator - DEBUG -   Brightness=98.9 => 0.77
2025-04-02 17:28:36,922 - face_evaluator - DEBUG -   Coverage=0.940
2025-04-02 17:28:36,923 - face_evaluator - DEBUG -   CenterDist=0.085 => 0.915
2025-04-02 17:28:36,923 - face_evaluator - DEBUG -   Frontalness=0.718
2025-04-02 17:28:36,923 - face_evaluator - DEBUG -   EyesOpen=0.639
2025-04-02 17:28:36,923 - face_evaluator - DEBUG -   Resolution Score=32100 px => 0.064
2025-04-02 17:28:36,923 - face_evaluator - DEBUG -   => final_score=0.570
2025-04-02 17:28:36,947 - face_evaluator - DEBUG - ./output/clustered_faces/person_4/frame_80_face_3.jpg
2025-04-02 17:28:36,947 - face_evaluator - DEBUG -   Sharpness=10.2 => 0.01
2025-04-02 17:28:36,947 - face_evaluator - DEBUG -   Brightness=96.4 => 0.75
2025-04-02 17:28:36,947 - face_evaluator - DEBUG -   Coverage=0.767
2025-04-02 17:28:36,947 - face_evaluator - DEBUG -   CenterDist=0.137 => 0.863
2025-04-02 17:28:36,947 - face_evaluator - DEBUG -   Frontalness=0.653
2025-04-02 17:28:36,947 - face_evaluator - DEBUG -   EyesOpen=0.689
2025-04-02 17:28:36,947 - face_evaluator - DEBUG -   Resolution Score=32100 px => 0.064
2025-04-02 17:28:36,947 - face_evaluator - DEBUG -   => final_score=0.532
2025-04-02 17:28:36,971 - face_evaluator - DEBUG - ./output/clustered_faces/person_4/frame_135_face_2.jpg
2025-04-02 17:28:36,971 - face_evaluator - DEBUG -   Sharpness=12.0 => 0.01
2025-04-02 17:28:36,971 - face_evaluator - DEBUG -   Brightness=99.9 => 0.78
2025-04-02 17:28:36,971 - face_evaluator - DEBUG -   Coverage=0.742
2025-04-02 17:28:36,971 - face_evaluator - DEBUG -   CenterDist=0.085 => 0.915
2025-04-02 17:28:36,971 - face_evaluator - DEBUG -   Frontalness=0.793
2025-04-02 17:28:36,971 - face_evaluator - DEBUG -   EyesOpen=0.532
2025-04-02 17:28:36,971 - face_evaluator - DEBUG -   Resolution Score=31500 px => 0.063
2025-04-02 17:28:36,971 - face_evaluator - DEBUG -   => final_score=0.537
2025-04-02 17:28:36,996 - face_evaluator - DEBUG - ./output/clustered_faces/person_4/frame_245_face_3.jpg
2025-04-02 17:28:36,996 - face_evaluator - DEBUG -   Sharpness=11.6 => 0.01
2025-04-02 17:28:36,996 - face_evaluator - DEBUG -   Brightness=98.8 => 0.77
2025-04-02 17:28:36,996 - face_evaluator - DEBUG -   Coverage=1.049
2025-04-02 17:28:36,996 - face_evaluator - DEBUG -   CenterDist=0.090 => 0.910
2025-04-02 17:28:36,996 - face_evaluator - DEBUG -   Frontalness=0.760
2025-04-02 17:28:36,996 - face_evaluator - DEBUG -   EyesOpen=0.779
2025-04-02 17:28:36,996 - face_evaluator - DEBUG -   Resolution Score=31500 px => 0.063
2025-04-02 17:28:36,996 - face_evaluator - DEBUG -   => final_score=0.609
2025-04-02 17:28:37,021 - face_evaluator - DEBUG - ./output/clustered_faces/person_4/frame_15_face_3.jpg
2025-04-02 17:28:37,021 - face_evaluator - DEBUG -   Sharpness=10.6 => 0.01
2025-04-02 17:28:37,021 - face_evaluator - DEBUG -   Brightness=97.4 => 0.76
2025-04-02 17:28:37,021 - face_evaluator - DEBUG -   Coverage=0.887
2025-04-02 17:28:37,021 - face_evaluator - DEBUG -   CenterDist=0.064 => 0.936
2025-04-02 17:28:37,021 - face_evaluator - DEBUG -   Frontalness=0.612
2025-04-02 17:28:37,021 - face_evaluator - DEBUG -   EyesOpen=0.704
2025-04-02 17:28:37,021 - face_evaluator - DEBUG -   Resolution Score=31500 px => 0.063
2025-04-02 17:28:37,021 - face_evaluator - DEBUG -   => final_score=0.557
2025-04-02 17:28:37,045 - face_evaluator - DEBUG - ./output/clustered_faces/person_4/frame_305_face_0.jpg
2025-04-02 17:28:37,045 - face_evaluator - DEBUG -   Sharpness=11.9 => 0.01
2025-04-02 17:28:37,045 - face_evaluator - DEBUG -   Brightness=98.2 => 0.77
2025-04-02 17:28:37,045 - face_evaluator - DEBUG -   Coverage=0.903
2025-04-02 17:28:37,045 - face_evaluator - DEBUG -   CenterDist=0.085 => 0.915
2025-04-02 17:28:37,045 - face_evaluator - DEBUG -   Frontalness=0.791
2025-04-02 17:28:37,045 - face_evaluator - DEBUG -   EyesOpen=0.690
2025-04-02 17:28:37,045 - face_evaluator - DEBUG -   Resolution Score=32100 px => 0.064
2025-04-02 17:28:37,045 - face_evaluator - DEBUG -   => final_score=0.580
2025-04-02 17:28:37,070 - face_evaluator - DEBUG - ./output/clustered_faces/person_4/frame_150_face_2.jpg
2025-04-02 17:28:37,070 - face_evaluator - DEBUG -   Sharpness=11.6 => 0.01
2025-04-02 17:28:37,070 - face_evaluator - DEBUG -   Brightness=98.0 => 0.77
2025-04-02 17:28:37,070 - face_evaluator - DEBUG -   Coverage=0.794
2025-04-02 17:28:37,070 - face_evaluator - DEBUG -   CenterDist=0.086 => 0.914
2025-04-02 17:28:37,070 - face_evaluator - DEBUG -   Frontalness=0.676
2025-04-02 17:28:37,070 - face_evaluator - DEBUG -   EyesOpen=0.384
2025-04-02 17:28:37,070 - face_evaluator - DEBUG -   Resolution Score=32100 px => 0.064
2025-04-02 17:28:37,070 - face_evaluator - DEBUG -   => final_score=0.508
2025-04-02 17:28:37,094 - face_evaluator - DEBUG - ./output/clustered_faces/person_4/frame_285_face_0.jpg
2025-04-02 17:28:37,095 - face_evaluator - DEBUG -   Sharpness=10.6 => 0.01
2025-04-02 17:28:37,095 - face_evaluator - DEBUG -   Brightness=97.3 => 0.76
2025-04-02 17:28:37,095 - face_evaluator - DEBUG -   Coverage=0.942
2025-04-02 17:28:37,095 - face_evaluator - DEBUG -   CenterDist=0.098 => 0.902
2025-04-02 17:28:37,095 - face_evaluator - DEBUG -   Frontalness=0.794
2025-04-02 17:28:37,095 - face_evaluator - DEBUG -   EyesOpen=0.547
2025-04-02 17:28:37,095 - face_evaluator - DEBUG -   Resolution Score=32100 px => 0.064
2025-04-02 17:28:37,095 - face_evaluator - DEBUG -   => final_score=0.564
2025-04-02 17:28:37,119 - face_evaluator - DEBUG - ./output/clustered_faces/person_4/frame_230_face_3.jpg
2025-04-02 17:28:37,119 - face_evaluator - DEBUG -   Sharpness=10.9 => 0.01
2025-04-02 17:28:37,119 - face_evaluator - DEBUG -   Brightness=96.1 => 0.75
2025-04-02 17:28:37,119 - face_evaluator - DEBUG -   Coverage=0.852
2025-04-02 17:28:37,119 - face_evaluator - DEBUG -   CenterDist=0.071 => 0.929
2025-04-02 17:28:37,119 - face_evaluator - DEBUG -   Frontalness=0.749
2025-04-02 17:28:37,119 - face_evaluator - DEBUG -   EyesOpen=0.620
2025-04-02 17:28:37,119 - face_evaluator - DEBUG -   Resolution Score=33000 px => 0.066
2025-04-02 17:28:37,119 - face_evaluator - DEBUG -   => final_score=0.557
2025-04-02 17:28:37,143 - face_evaluator - DEBUG - ./output/clustered_faces/person_4/frame_255_face_3.jpg
2025-04-02 17:28:37,143 - face_evaluator - DEBUG -   Sharpness=11.3 => 0.01
2025-04-02 17:28:37,143 - face_evaluator - DEBUG -   Brightness=99.1 => 0.77
2025-04-02 17:28:37,143 - face_evaluator - DEBUG -   Coverage=0.930
2025-04-02 17:28:37,143 - face_evaluator - DEBUG -   CenterDist=0.066 => 0.934
2025-04-02 17:28:37,143 - face_evaluator - DEBUG -   Frontalness=0.834
2025-04-02 17:28:37,143 - face_evaluator - DEBUG -   EyesOpen=0.701
2025-04-02 17:28:37,143 - face_evaluator - DEBUG -   Resolution Score=30900 px => 0.062
2025-04-02 17:28:37,143 - face_evaluator - DEBUG -   => final_score=0.594
2025-04-02 17:28:37,167 - face_evaluator - DEBUG - ./output/clustered_faces/person_4/frame_40_face_2.jpg
2025-04-02 17:28:37,168 - face_evaluator - DEBUG -   Sharpness=10.6 => 0.01
2025-04-02 17:28:37,168 - face_evaluator - DEBUG -   Brightness=98.2 => 0.77
2025-04-02 17:28:37,168 - face_evaluator - DEBUG -   Coverage=0.976
2025-04-02 17:28:37,168 - face_evaluator - DEBUG -   CenterDist=0.087 => 0.913
2025-04-02 17:28:37,168 - face_evaluator - DEBUG -   Frontalness=0.650
2025-04-02 17:28:37,168 - face_evaluator - DEBUG -   EyesOpen=0.676
2025-04-02 17:28:37,168 - face_evaluator - DEBUG -   Resolution Score=32100 px => 0.064
2025-04-02 17:28:37,168 - face_evaluator - DEBUG -   => final_score=0.570
2025-04-02 17:28:37,192 - face_evaluator - DEBUG - ./output/clustered_faces/person_4/frame_225_face_3.jpg
2025-04-02 17:28:37,192 - face_evaluator - DEBUG -   Sharpness=12.7 => 0.01
2025-04-02 17:28:37,192 - face_evaluator - DEBUG -   Brightness=97.8 => 0.76
2025-04-02 17:28:37,192 - face_evaluator - DEBUG -   Coverage=0.894
2025-04-02 17:28:37,192 - face_evaluator - DEBUG -   CenterDist=0.077 => 0.923
2025-04-02 17:28:37,192 - face_evaluator - DEBUG -   Frontalness=0.780
2025-04-02 17:28:37,192 - face_evaluator - DEBUG -   EyesOpen=0.750
2025-04-02 17:28:37,192 - face_evaluator - DEBUG -   Resolution Score=31500 px => 0.063
2025-04-02 17:28:37,192 - face_evaluator - DEBUG -   => final_score=0.585
2025-04-02 17:28:37,216 - face_evaluator - DEBUG - ./output/clustered_faces/person_4/frame_160_face_2.jpg
2025-04-02 17:28:37,216 - face_evaluator - DEBUG -   Sharpness=11.7 => 0.01
2025-04-02 17:28:37,216 - face_evaluator - DEBUG -   Brightness=98.9 => 0.77
2025-04-02 17:28:37,216 - face_evaluator - DEBUG -   Coverage=0.855
2025-04-02 17:28:37,217 - face_evaluator - DEBUG -   CenterDist=0.087 => 0.913
2025-04-02 17:28:37,217 - face_evaluator - DEBUG -   Frontalness=0.725
2025-04-02 17:28:37,217 - face_evaluator - DEBUG -   EyesOpen=0.441
2025-04-02 17:28:37,217 - face_evaluator - DEBUG -   Resolution Score=32100 px => 0.064
2025-04-02 17:28:37,217 - face_evaluator - DEBUG -   => final_score=0.532
2025-04-02 17:28:37,242 - face_evaluator - DEBUG - ./output/clustered_faces/person_4/frame_295_face_0.jpg
2025-04-02 17:28:37,242 - face_evaluator - DEBUG -   Sharpness=11.4 => 0.01
2025-04-02 17:28:37,242 - face_evaluator - DEBUG -   Brightness=99.1 => 0.77
2025-04-02 17:28:37,242 - face_evaluator - DEBUG -   Coverage=0.909
2025-04-02 17:28:37,242 - face_evaluator - DEBUG -   CenterDist=0.060 => 0.940
2025-04-02 17:28:37,242 - face_evaluator - DEBUG -   Frontalness=0.809
2025-04-02 17:28:37,242 - face_evaluator - DEBUG -   EyesOpen=0.725
2025-04-02 17:28:37,242 - face_evaluator - DEBUG -   Resolution Score=32100 px => 0.064
2025-04-02 17:28:37,242 - face_evaluator - DEBUG -   => final_score=0.592
2025-04-02 17:28:37,266 - face_evaluator - DEBUG - ./output/clustered_faces/person_4/frame_25_face_0.jpg
2025-04-02 17:28:37,266 - face_evaluator - DEBUG -   Sharpness=10.9 => 0.01
2025-04-02 17:28:37,266 - face_evaluator - DEBUG -   Brightness=97.0 => 0.76
2025-04-02 17:28:37,266 - face_evaluator - DEBUG -   Coverage=0.868
2025-04-02 17:28:37,266 - face_evaluator - DEBUG -   CenterDist=0.073 => 0.927
2025-04-02 17:28:37,266 - face_evaluator - DEBUG -   Frontalness=0.555
2025-04-02 17:28:37,266 - face_evaluator - DEBUG -   EyesOpen=0.603
2025-04-02 17:28:37,266 - face_evaluator - DEBUG -   Resolution Score=31350 px => 0.063
2025-04-02 17:28:37,266 - face_evaluator - DEBUG -   => final_score=0.532
2025-04-02 17:28:37,290 - face_evaluator - DEBUG - ./output/clustered_faces/person_4/frame_260_face_3.jpg
2025-04-02 17:28:37,291 - face_evaluator - DEBUG -   Sharpness=11.9 => 0.01
2025-04-02 17:28:37,291 - face_evaluator - DEBUG -   Brightness=98.8 => 0.77
2025-04-02 17:28:37,291 - face_evaluator - DEBUG -   Coverage=0.983
2025-04-02 17:28:37,291 - face_evaluator - DEBUG -   CenterDist=0.069 => 0.931
2025-04-02 17:28:37,291 - face_evaluator - DEBUG -   Frontalness=0.741
2025-04-02 17:28:37,291 - face_evaluator - DEBUG -   EyesOpen=0.669
2025-04-02 17:28:37,291 - face_evaluator - DEBUG -   Resolution Score=31350 px => 0.063
2025-04-02 17:28:37,291 - face_evaluator - DEBUG -   => final_score=0.585
2025-04-02 17:28:37,315 - face_evaluator - DEBUG - ./output/clustered_faces/person_4/frame_50_face_0.jpg
2025-04-02 17:28:37,315 - face_evaluator - DEBUG -   Sharpness=11.1 => 0.01
2025-04-02 17:28:37,315 - face_evaluator - DEBUG -   Brightness=98.9 => 0.77
2025-04-02 17:28:37,315 - face_evaluator - DEBUG -   Coverage=0.973
2025-04-02 17:28:37,315 - face_evaluator - DEBUG -   CenterDist=0.063 => 0.937
2025-04-02 17:28:37,315 - face_evaluator - DEBUG -   Frontalness=0.632
2025-04-02 17:28:37,315 - face_evaluator - DEBUG -   EyesOpen=0.566
2025-04-02 17:28:37,315 - face_evaluator - DEBUG -   Resolution Score=32100 px => 0.064
2025-04-02 17:28:37,315 - face_evaluator - DEBUG -   => final_score=0.557
2025-04-02 17:28:37,339 - face_evaluator - DEBUG - ./output/clustered_faces/person_4/frame_5_face_2.jpg
2025-04-02 17:28:37,339 - face_evaluator - DEBUG -   Sharpness=10.9 => 0.01
2025-04-02 17:28:37,339 - face_evaluator - DEBUG -   Brightness=98.2 => 0.77
2025-04-02 17:28:37,339 - face_evaluator - DEBUG -   Coverage=1.003
2025-04-02 17:28:37,339 - face_evaluator - DEBUG -   CenterDist=0.095 => 0.905
2025-04-02 17:28:37,339 - face_evaluator - DEBUG -   Frontalness=0.671
2025-04-02 17:28:37,339 - face_evaluator - DEBUG -   EyesOpen=0.576
2025-04-02 17:28:37,339 - face_evaluator - DEBUG -   Resolution Score=32100 px => 0.064
2025-04-02 17:28:37,339 - face_evaluator - DEBUG -   => final_score=0.563
2025-04-02 17:28:37,366 - face_evaluator - DEBUG - ./output/clustered_faces/person_4/frame_0_face_3.jpg
2025-04-02 17:28:37,366 - face_evaluator - DEBUG -   Sharpness=10.9 => 0.01
2025-04-02 17:28:37,366 - face_evaluator - DEBUG -   Brightness=98.2 => 0.77
2025-04-02 17:28:37,366 - face_evaluator - DEBUG -   Coverage=0.905
2025-04-02 17:28:37,366 - face_evaluator - DEBUG -   CenterDist=0.253 => 0.747
2025-04-02 17:28:37,366 - face_evaluator - DEBUG -   Frontalness=0.624
2025-04-02 17:28:37,366 - face_evaluator - DEBUG -   EyesOpen=0.492
2025-04-02 17:28:37,366 - face_evaluator - DEBUG -   Resolution Score=32100 px => 0.064
2025-04-02 17:28:37,366 - face_evaluator - DEBUG -   => final_score=0.510
2025-04-02 17:28:37,390 - face_evaluator - DEBUG - ./output/clustered_faces/person_4/frame_235_face_3.jpg
2025-04-02 17:28:37,390 - face_evaluator - DEBUG -   Sharpness=11.3 => 0.01
2025-04-02 17:28:37,390 - face_evaluator - DEBUG -   Brightness=96.0 => 0.75
2025-04-02 17:28:37,390 - face_evaluator - DEBUG -   Coverage=0.878
2025-04-02 17:28:37,390 - face_evaluator - DEBUG -   CenterDist=0.108 => 0.892
2025-04-02 17:28:37,390 - face_evaluator - DEBUG -   Frontalness=0.789
2025-04-02 17:28:37,391 - face_evaluator - DEBUG -   EyesOpen=0.725
2025-04-02 17:28:37,391 - face_evaluator - DEBUG -   Resolution Score=31500 px => 0.063
2025-04-02 17:28:37,391 - face_evaluator - DEBUG -   => final_score=0.574
2025-04-02 17:28:37,415 - face_evaluator - DEBUG - ./output/clustered_faces/person_4/frame_125_face_3.jpg
2025-04-02 17:28:37,415 - face_evaluator - DEBUG -   Sharpness=12.1 => 0.01
2025-04-02 17:28:37,415 - face_evaluator - DEBUG -   Brightness=98.1 => 0.77
2025-04-02 17:28:37,415 - face_evaluator - DEBUG -   Coverage=0.831
2025-04-02 17:28:37,415 - face_evaluator - DEBUG -   CenterDist=0.087 => 0.913
2025-04-02 17:28:37,415 - face_evaluator - DEBUG -   Frontalness=0.709
2025-04-02 17:28:37,415 - face_evaluator - DEBUG -   EyesOpen=0.543
2025-04-02 17:28:37,415 - face_evaluator - DEBUG -   Resolution Score=31950 px => 0.064
2025-04-02 17:28:37,415 - face_evaluator - DEBUG -   => final_score=0.539
2025-04-02 17:28:37,440 - face_evaluator - DEBUG - ./output/clustered_faces/person_4/frame_220_face_3.jpg
2025-04-02 17:28:37,440 - face_evaluator - DEBUG -   Sharpness=12.9 => 0.01
2025-04-02 17:28:37,440 - face_evaluator - DEBUG -   Brightness=98.2 => 0.77
2025-04-02 17:28:37,440 - face_evaluator - DEBUG -   Coverage=0.961
2025-04-02 17:28:37,440 - face_evaluator - DEBUG -   CenterDist=0.059 => 0.941
2025-04-02 17:28:37,440 - face_evaluator - DEBUG -   Frontalness=0.741
2025-04-02 17:28:37,440 - face_evaluator - DEBUG -   EyesOpen=0.683
2025-04-02 17:28:37,440 - face_evaluator - DEBUG -   Resolution Score=31350 px => 0.063
2025-04-02 17:28:37,440 - face_evaluator - DEBUG -   => final_score=0.584
2025-04-02 17:28:37,464 - face_evaluator - DEBUG - ./output/clustered_faces/person_4/frame_140_face_2.jpg
2025-04-02 17:28:37,465 - face_evaluator - DEBUG -   Sharpness=12.1 => 0.01
2025-04-02 17:28:37,465 - face_evaluator - DEBUG -   Brightness=99.6 => 0.78
2025-04-02 17:28:37,465 - face_evaluator - DEBUG -   Coverage=0.913
2025-04-02 17:28:37,465 - face_evaluator - DEBUG -   CenterDist=0.067 => 0.933
2025-04-02 17:28:37,465 - face_evaluator - DEBUG -   Frontalness=0.717
2025-04-02 17:28:37,465 - face_evaluator - DEBUG -   EyesOpen=0.591
2025-04-02 17:28:37,465 - face_evaluator - DEBUG -   Resolution Score=31350 px => 0.063
2025-04-02 17:28:37,465 - face_evaluator - DEBUG -   => final_score=0.563
2025-04-02 17:28:37,489 - face_evaluator - DEBUG - ./output/clustered_faces/person_4/frame_85_face_1.jpg
2025-04-02 17:28:37,489 - face_evaluator - DEBUG -   Sharpness=11.0 => 0.01
2025-04-02 17:28:37,489 - face_evaluator - DEBUG -   Brightness=98.7 => 0.77
2025-04-02 17:28:37,489 - face_evaluator - DEBUG -   Coverage=0.896
2025-04-02 17:28:37,489 - face_evaluator - DEBUG -   CenterDist=0.078 => 0.922
2025-04-02 17:28:37,489 - face_evaluator - DEBUG -   Frontalness=0.677
2025-04-02 17:28:37,489 - face_evaluator - DEBUG -   EyesOpen=0.744
2025-04-02 17:28:37,489 - face_evaluator - DEBUG -   Resolution Score=31500 px => 0.063
2025-04-02 17:28:37,489 - face_evaluator - DEBUG -   => final_score=0.572
2025-04-02 17:28:37,513 - face_evaluator - DEBUG - ./output/clustered_faces/person_4/frame_70_face_2.jpg
2025-04-02 17:28:37,513 - face_evaluator - DEBUG -   Sharpness=11.7 => 0.01
2025-04-02 17:28:37,513 - face_evaluator - DEBUG -   Brightness=99.4 => 0.78
2025-04-02 17:28:37,513 - face_evaluator - DEBUG -   Coverage=0.967
2025-04-02 17:28:37,513 - face_evaluator - DEBUG -   CenterDist=0.083 => 0.917
2025-04-02 17:28:37,513 - face_evaluator - DEBUG -   Frontalness=0.702
2025-04-02 17:28:37,513 - face_evaluator - DEBUG -   EyesOpen=0.623
2025-04-02 17:28:37,513 - face_evaluator - DEBUG -   Resolution Score=30900 px => 0.062
2025-04-02 17:28:37,513 - face_evaluator - DEBUG -   => final_score=0.570
2025-04-02 17:28:37,537 - face_evaluator - DEBUG - ./output/clustered_faces/person_4/frame_185_face_1.jpg
2025-04-02 17:28:37,537 - face_evaluator - DEBUG -   Sharpness=12.9 => 0.01
2025-04-02 17:28:37,537 - face_evaluator - DEBUG -   Brightness=98.8 => 0.77
2025-04-02 17:28:37,537 - face_evaluator - DEBUG -   Coverage=0.797
2025-04-02 17:28:37,537 - face_evaluator - DEBUG -   CenterDist=0.086 => 0.914
2025-04-02 17:28:37,537 - face_evaluator - DEBUG -   Frontalness=0.691
2025-04-02 17:28:37,537 - face_evaluator - DEBUG -   EyesOpen=0.575
2025-04-02 17:28:37,537 - face_evaluator - DEBUG -   Resolution Score=31950 px => 0.064
2025-04-02 17:28:37,537 - face_evaluator - DEBUG -   => final_score=0.536
2025-04-02 17:28:37,562 - face_evaluator - DEBUG - ./output/clustered_faces/person_4/frame_65_face_0.jpg
2025-04-02 17:28:37,562 - face_evaluator - DEBUG -   Sharpness=11.7 => 0.01
2025-04-02 17:28:37,562 - face_evaluator - DEBUG -   Brightness=99.4 => 0.78
2025-04-02 17:28:37,562 - face_evaluator - DEBUG -   Coverage=1.014
2025-04-02 17:28:37,562 - face_evaluator - DEBUG -   CenterDist=0.095 => 0.905
2025-04-02 17:28:37,562 - face_evaluator - DEBUG -   Frontalness=0.773
2025-04-02 17:28:37,562 - face_evaluator - DEBUG -   EyesOpen=0.606
2025-04-02 17:28:37,562 - face_evaluator - DEBUG -   Resolution Score=31500 px => 0.063
2025-04-02 17:28:37,562 - face_evaluator - DEBUG -   => final_score=0.583
2025-04-02 17:28:37,586 - face_evaluator - DEBUG - ./output/clustered_faces/person_4/frame_315_face_0.jpg
2025-04-02 17:28:37,586 - face_evaluator - DEBUG -   Sharpness=12.2 => 0.01
2025-04-02 17:28:37,586 - face_evaluator - DEBUG -   Brightness=98.7 => 0.77
2025-04-02 17:28:37,586 - face_evaluator - DEBUG -   Coverage=0.988
2025-04-02 17:28:37,586 - face_evaluator - DEBUG -   CenterDist=0.096 => 0.904
2025-04-02 17:28:37,586 - face_evaluator - DEBUG -   Frontalness=0.767
2025-04-02 17:28:37,587 - face_evaluator - DEBUG -   EyesOpen=0.504
2025-04-02 17:28:37,587 - face_evaluator - DEBUG -   Resolution Score=33300 px => 0.067
2025-04-02 17:28:37,587 - face_evaluator - DEBUG -   => final_score=0.564
2025-04-02 17:28:37,611 - face_evaluator - DEBUG - ./output/clustered_faces/person_4/frame_35_face_2.jpg
2025-04-02 17:28:37,611 - face_evaluator - DEBUG -   Sharpness=10.9 => 0.01
2025-04-02 17:28:37,611 - face_evaluator - DEBUG -   Brightness=97.5 => 0.76
2025-04-02 17:28:37,611 - face_evaluator - DEBUG -   Coverage=1.001
2025-04-02 17:28:37,611 - face_evaluator - DEBUG -   CenterDist=0.091 => 0.909
2025-04-02 17:28:37,611 - face_evaluator - DEBUG -   Frontalness=0.629
2025-04-02 17:28:37,612 - face_evaluator - DEBUG -   EyesOpen=0.592
2025-04-02 17:28:37,612 - face_evaluator - DEBUG -   Resolution Score=32100 px => 0.064
2025-04-02 17:28:37,612 - face_evaluator - DEBUG -   => final_score=0.559
2025-04-02 17:28:37,636 - face_evaluator - DEBUG - ./output/clustered_faces/person_4/frame_330_face_0.jpg
2025-04-02 17:28:37,636 - face_evaluator - DEBUG -   Sharpness=12.1 => 0.01
2025-04-02 17:28:37,636 - face_evaluator - DEBUG -   Brightness=98.6 => 0.77
2025-04-02 17:28:37,636 - face_evaluator - DEBUG -   Coverage=0.995
2025-04-02 17:28:37,636 - face_evaluator - DEBUG -   CenterDist=0.060 => 0.940
2025-04-02 17:28:37,637 - face_evaluator - DEBUG -   Frontalness=0.823
2025-04-02 17:28:37,637 - face_evaluator - DEBUG -   EyesOpen=0.708
2025-04-02 17:28:37,637 - face_evaluator - DEBUG -   Resolution Score=32100 px => 0.064
2025-04-02 17:28:37,637 - face_evaluator - DEBUG -   => final_score=0.604
2025-04-02 17:28:37,662 - face_evaluator - DEBUG - ./output/clustered_faces/person_3/frame_220_face_2.jpg
2025-04-02 17:28:37,662 - face_evaluator - DEBUG -   Sharpness=10.6 => 0.01
2025-04-02 17:28:37,662 - face_evaluator - DEBUG -   Brightness=102.9 => 0.80
2025-04-02 17:28:37,662 - face_evaluator - DEBUG -   Coverage=0.977
2025-04-02 17:28:37,662 - face_evaluator - DEBUG -   CenterDist=0.088 => 0.912
2025-04-02 17:28:37,662 - face_evaluator - DEBUG -   Frontalness=0.673
2025-04-02 17:28:37,662 - face_evaluator - DEBUG -   EyesOpen=0.591
2025-04-02 17:28:37,662 - face_evaluator - DEBUG -   Resolution Score=32100 px => 0.064
2025-04-02 17:28:37,662 - face_evaluator - DEBUG -   => final_score=0.568
2025-04-02 17:28:37,686 - face_evaluator - DEBUG - ./output/clustered_faces/person_3/frame_225_face_1.jpg
2025-04-02 17:28:37,686 - face_evaluator - DEBUG -   Sharpness=11.8 => 0.01
2025-04-02 17:28:37,687 - face_evaluator - DEBUG -   Brightness=103.5 => 0.81
2025-04-02 17:28:37,687 - face_evaluator - DEBUG -   Coverage=0.919
2025-04-02 17:28:37,687 - face_evaluator - DEBUG -   CenterDist=0.116 => 0.884
2025-04-02 17:28:37,687 - face_evaluator - DEBUG -   Frontalness=0.708
2025-04-02 17:28:37,687 - face_evaluator - DEBUG -   EyesOpen=0.780
2025-04-02 17:28:37,687 - face_evaluator - DEBUG -   Resolution Score=30150 px => 0.060
2025-04-02 17:28:37,687 - face_evaluator - DEBUG -   => final_score=0.585
2025-04-02 17:28:37,710 - face_evaluator - DEBUG - ./output/clustered_faces/person_3/frame_265_face_0.jpg
2025-04-02 17:28:37,710 - face_evaluator - DEBUG -   Sharpness=11.7 => 0.01
2025-04-02 17:28:37,710 - face_evaluator - DEBUG -   Brightness=103.8 => 0.81
2025-04-02 17:28:37,710 - face_evaluator - DEBUG -   Coverage=0.898
2025-04-02 17:28:37,710 - face_evaluator - DEBUG -   CenterDist=0.177 => 0.823
2025-04-02 17:28:37,711 - face_evaluator - DEBUG -   Frontalness=0.630
2025-04-02 17:28:37,711 - face_evaluator - DEBUG -   EyesOpen=0.421
2025-04-02 17:28:37,711 - face_evaluator - DEBUG -   Resolution Score=31350 px => 0.063
2025-04-02 17:28:37,711 - face_evaluator - DEBUG -   => final_score=0.518
2025-04-02 17:28:37,735 - face_evaluator - DEBUG - ./output/clustered_faces/person_3/frame_55_face_2.jpg
2025-04-02 17:28:37,735 - face_evaluator - DEBUG -   Sharpness=12.0 => 0.01
2025-04-02 17:28:37,735 - face_evaluator - DEBUG -   Brightness=104.3 => 0.81
2025-04-02 17:28:37,735 - face_evaluator - DEBUG -   Coverage=0.772
2025-04-02 17:28:37,735 - face_evaluator - DEBUG -   CenterDist=0.145 => 0.855
2025-04-02 17:28:37,735 - face_evaluator - DEBUG -   Frontalness=0.908
2025-04-02 17:28:37,735 - face_evaluator - DEBUG -   EyesOpen=0.782
2025-04-02 17:28:37,735 - face_evaluator - DEBUG -   Resolution Score=31950 px => 0.064
2025-04-02 17:28:37,735 - face_evaluator - DEBUG -   => final_score=0.587
2025-04-02 17:28:37,759 - face_evaluator - DEBUG - ./output/clustered_faces/person_3/frame_185_face_2.jpg
2025-04-02 17:28:37,759 - face_evaluator - DEBUG -   Sharpness=11.4 => 0.01
2025-04-02 17:28:37,759 - face_evaluator - DEBUG -   Brightness=104.7 => 0.82
2025-04-02 17:28:37,759 - face_evaluator - DEBUG -   Coverage=1.023
2025-04-02 17:28:37,759 - face_evaluator - DEBUG -   CenterDist=0.089 => 0.911
2025-04-02 17:28:37,759 - face_evaluator - DEBUG -   Frontalness=0.601
2025-04-02 17:28:37,759 - face_evaluator - DEBUG -   EyesOpen=0.573
2025-04-02 17:28:37,760 - face_evaluator - DEBUG -   Resolution Score=30750 px => 0.061
2025-04-02 17:28:37,760 - face_evaluator - DEBUG -   => final_score=0.565
2025-04-02 17:28:37,784 - face_evaluator - DEBUG - ./output/clustered_faces/person_3/frame_155_face_3.jpg
2025-04-02 17:28:37,784 - face_evaluator - DEBUG -   Sharpness=11.4 => 0.01
2025-04-02 17:28:37,784 - face_evaluator - DEBUG -   Brightness=102.2 => 0.80
2025-04-02 17:28:37,784 - face_evaluator - DEBUG -   Coverage=1.043
2025-04-02 17:28:37,784 - face_evaluator - DEBUG -   CenterDist=0.085 => 0.915
2025-04-02 17:28:37,784 - face_evaluator - DEBUG -   Frontalness=0.682
2025-04-02 17:28:37,784 - face_evaluator - DEBUG -   EyesOpen=0.677
2025-04-02 17:28:37,784 - face_evaluator - DEBUG -   Resolution Score=31950 px => 0.064
2025-04-02 17:28:37,784 - face_evaluator - DEBUG -   => final_score=0.589
2025-04-02 17:28:37,811 - face_evaluator - DEBUG - ./output/clustered_faces/person_3/frame_0_face_2.jpg
2025-04-02 17:28:37,811 - face_evaluator - DEBUG -   Sharpness=11.7 => 0.01
2025-04-02 17:28:37,811 - face_evaluator - DEBUG -   Brightness=102.6 => 0.80
2025-04-02 17:28:37,811 - face_evaluator - DEBUG -   Coverage=0.601
2025-04-02 17:28:37,811 - face_evaluator - DEBUG -   CenterDist=0.183 => 0.817
2025-04-02 17:28:37,811 - face_evaluator - DEBUG -   Frontalness=0.890
2025-04-02 17:28:37,811 - face_evaluator - DEBUG -   EyesOpen=0.887
2025-04-02 17:28:37,811 - face_evaluator - DEBUG -   Resolution Score=31950 px => 0.064
2025-04-02 17:28:37,811 - face_evaluator - DEBUG -   => final_score=0.565
2025-04-02 17:28:37,838 - face_evaluator - DEBUG - ./output/clustered_faces/person_3/frame_65_face_1.jpg
2025-04-02 17:28:37,838 - face_evaluator - DEBUG -   Sharpness=10.8 => 0.01
2025-04-02 17:28:37,838 - face_evaluator - DEBUG -   Brightness=105.4 => 0.82
2025-04-02 17:28:37,838 - face_evaluator - DEBUG -   Coverage=0.775
2025-04-02 17:28:37,839 - face_evaluator - DEBUG -   CenterDist=0.062 => 0.938
2025-04-02 17:28:37,839 - face_evaluator - DEBUG -   Frontalness=0.863
2025-04-02 17:28:37,839 - face_evaluator - DEBUG -   EyesOpen=0.782
2025-04-02 17:28:37,839 - face_evaluator - DEBUG -   Resolution Score=31500 px => 0.063
2025-04-02 17:28:37,839 - face_evaluator - DEBUG -   => final_score=0.593
2025-04-02 17:28:37,865 - face_evaluator - DEBUG - ./output/clustered_faces/person_3/frame_15_face_1.jpg
2025-04-02 17:28:37,866 - face_evaluator - DEBUG -   Sharpness=11.7 => 0.01
2025-04-02 17:28:37,866 - face_evaluator - DEBUG -   Brightness=103.9 => 0.81
2025-04-02 17:28:37,866 - face_evaluator - DEBUG -   Coverage=0.620
2025-04-02 17:28:37,866 - face_evaluator - DEBUG -   CenterDist=0.163 => 0.837
2025-04-02 17:28:37,866 - face_evaluator - DEBUG -   Frontalness=0.921
2025-04-02 17:28:37,866 - face_evaluator - DEBUG -   EyesOpen=0.884
2025-04-02 17:28:37,866 - face_evaluator - DEBUG -   Resolution Score=31350 px => 0.063
2025-04-02 17:28:37,866 - face_evaluator - DEBUG -   => final_score=0.576
2025-04-02 17:28:37,892 - face_evaluator - DEBUG - ./output/clustered_faces/person_3/frame_60_face_0.jpg
2025-04-02 17:28:37,893 - face_evaluator - DEBUG -   Sharpness=12.4 => 0.01
2025-04-02 17:28:37,893 - face_evaluator - DEBUG -   Brightness=103.6 => 0.81
2025-04-02 17:28:37,893 - face_evaluator - DEBUG -   Coverage=0.540
2025-04-02 17:28:37,893 - face_evaluator - DEBUG -   CenterDist=0.016 => 0.984
2025-04-02 17:28:37,893 - face_evaluator - DEBUG -   Frontalness=0.826
2025-04-02 17:28:37,893 - face_evaluator - DEBUG -   EyesOpen=0.586
2025-04-02 17:28:37,893 - face_evaluator - DEBUG -   Resolution Score=31950 px => 0.064
2025-04-02 17:28:37,893 - face_evaluator - DEBUG -   => final_score=0.532
2025-04-02 17:28:37,917 - face_evaluator - DEBUG - ./output/clustered_faces/person_3/frame_240_face_1.jpg
2025-04-02 17:28:37,918 - face_evaluator - DEBUG -   Sharpness=11.3 => 0.01
2025-04-02 17:28:37,918 - face_evaluator - DEBUG -   Brightness=102.7 => 0.80
2025-04-02 17:28:37,918 - face_evaluator - DEBUG -   Coverage=1.101
2025-04-02 17:28:37,918 - face_evaluator - DEBUG -   CenterDist=0.102 => 0.898
2025-04-02 17:28:37,918 - face_evaluator - DEBUG -   Frontalness=0.632
2025-04-02 17:28:37,918 - face_evaluator - DEBUG -   EyesOpen=0.363
2025-04-02 17:28:37,918 - face_evaluator - DEBUG -   Resolution Score=31350 px => 0.063
2025-04-02 17:28:37,918 - face_evaluator - DEBUG -   => final_score=0.549
2025-04-02 17:28:37,941 - face_evaluator - DEBUG - ./output/clustered_faces/person_3/frame_150_face_1.jpg
2025-04-02 17:28:37,941 - face_evaluator - DEBUG -   Sharpness=13.3 => 0.01
2025-04-02 17:28:37,942 - face_evaluator - DEBUG -   Brightness=104.8 => 0.82
2025-04-02 17:28:37,942 - face_evaluator - DEBUG -   Coverage=0.804
2025-04-02 17:28:37,942 - face_evaluator - DEBUG -   CenterDist=0.088 => 0.912
2025-04-02 17:28:37,942 - face_evaluator - DEBUG -   Frontalness=0.585
2025-04-02 17:28:37,942 - face_evaluator - DEBUG -   EyesOpen=0.818
2025-04-02 17:28:37,942 - face_evaluator - DEBUG -   Resolution Score=30000 px => 0.060
2025-04-02 17:28:37,942 - face_evaluator - DEBUG -   => final_score=0.562
2025-04-02 17:28:37,966 - face_evaluator - DEBUG - ./output/clustered_faces/person_3/frame_245_face_2.jpg
2025-04-02 17:28:37,966 - face_evaluator - DEBUG -   Sharpness=12.4 => 0.01
2025-04-02 17:28:37,966 - face_evaluator - DEBUG -   Brightness=102.6 => 0.80
2025-04-02 17:28:37,966 - face_evaluator - DEBUG -   Coverage=1.008
2025-04-02 17:28:37,966 - face_evaluator - DEBUG -   CenterDist=0.081 => 0.919
2025-04-02 17:28:37,966 - face_evaluator - DEBUG -   Frontalness=0.646
2025-04-02 17:28:37,966 - face_evaluator - DEBUG -   EyesOpen=0.360
2025-04-02 17:28:37,966 - face_evaluator - DEBUG -   Resolution Score=31050 px => 0.062
2025-04-02 17:28:37,967 - face_evaluator - DEBUG -   => final_score=0.539
2025-04-02 17:28:37,991 - face_evaluator - DEBUG - ./output/clustered_faces/person_3/frame_145_face_2.jpg
2025-04-02 17:28:37,991 - face_evaluator - DEBUG -   Sharpness=12.0 => 0.01
2025-04-02 17:28:37,993 - face_evaluator - DEBUG -   Brightness=102.8 => 0.80
2025-04-02 17:28:37,993 - face_evaluator - DEBUG -   Coverage=0.930
2025-04-02 17:28:37,993 - face_evaluator - DEBUG -   CenterDist=0.104 => 0.896
2025-04-02 17:28:37,993 - face_evaluator - DEBUG -   Frontalness=0.699
2025-04-02 17:28:37,993 - face_evaluator - DEBUG -   EyesOpen=0.667
2025-04-02 17:28:37,993 - face_evaluator - DEBUG -   Resolution Score=30750 px => 0.061
2025-04-02 17:28:37,993 - face_evaluator - DEBUG -   => final_score=0.572
2025-04-02 17:28:38,017 - face_evaluator - DEBUG - ./output/clustered_faces/person_3/frame_170_face_3.jpg
2025-04-02 17:28:38,017 - face_evaluator - DEBUG -   Sharpness=10.4 => 0.01
2025-04-02 17:28:38,017 - face_evaluator - DEBUG -   Brightness=105.1 => 0.82
2025-04-02 17:28:38,017 - face_evaluator - DEBUG -   Coverage=0.842
2025-04-02 17:28:38,017 - face_evaluator - DEBUG -   CenterDist=0.107 => 0.893
2025-04-02 17:28:38,017 - face_evaluator - DEBUG -   Frontalness=0.590
2025-04-02 17:28:38,017 - face_evaluator - DEBUG -   EyesOpen=0.605
2025-04-02 17:28:38,017 - face_evaluator - DEBUG -   Resolution Score=30900 px => 0.062
2025-04-02 17:28:38,017 - face_evaluator - DEBUG -   => final_score=0.538
2025-04-02 17:28:38,042 - face_evaluator - DEBUG - ./output/clustered_faces/person_3/frame_200_face_2.jpg
2025-04-02 17:28:38,042 - face_evaluator - DEBUG -   Sharpness=11.2 => 0.01
2025-04-02 17:28:38,042 - face_evaluator - DEBUG -   Brightness=102.1 => 0.80
2025-04-02 17:28:38,042 - face_evaluator - DEBUG -   Coverage=0.971
2025-04-02 17:28:38,042 - face_evaluator - DEBUG -   CenterDist=0.101 => 0.899
2025-04-02 17:28:38,042 - face_evaluator - DEBUG -   Frontalness=0.650
2025-04-02 17:28:38,042 - face_evaluator - DEBUG -   EyesOpen=0.658
2025-04-02 17:28:38,042 - face_evaluator - DEBUG -   Resolution Score=32700 px => 0.065
2025-04-02 17:28:38,042 - face_evaluator - DEBUG -   => final_score=0.570
2025-04-02 17:28:38,066 - face_evaluator - DEBUG - ./output/clustered_faces/person_3/frame_5_face_3.jpg
2025-04-02 17:28:38,066 - face_evaluator - DEBUG -   Sharpness=11.4 => 0.01
2025-04-02 17:28:38,066 - face_evaluator - DEBUG -   Brightness=104.8 => 0.82
2025-04-02 17:28:38,066 - face_evaluator - DEBUG -   Coverage=0.981
2025-04-02 17:28:38,066 - face_evaluator - DEBUG -   CenterDist=0.161 => 0.839
2025-04-02 17:28:38,066 - face_evaluator - DEBUG -   Frontalness=0.944
2025-04-02 17:28:38,066 - face_evaluator - DEBUG -   EyesOpen=0.795
2025-04-02 17:28:38,066 - face_evaluator - DEBUG -   Resolution Score=31350 px => 0.063
2025-04-02 17:28:38,066 - face_evaluator - DEBUG -   => final_score=0.623
2025-04-02 17:28:38,094 - face_evaluator - DEBUG - ./output/clustered_faces/person_3/frame_140_face_3.jpg
2025-04-02 17:28:38,094 - face_evaluator - DEBUG -   Sharpness=11.5 => 0.01
2025-04-02 17:28:38,094 - face_evaluator - DEBUG -   Brightness=102.6 => 0.80
2025-04-02 17:28:38,094 - face_evaluator - DEBUG -   Coverage=0.818
2025-04-02 17:28:38,094 - face_evaluator - DEBUG -   CenterDist=0.144 => 0.856
2025-04-02 17:28:38,094 - face_evaluator - DEBUG -   Frontalness=0.597
2025-04-02 17:28:38,094 - face_evaluator - DEBUG -   EyesOpen=0.669
2025-04-02 17:28:38,094 - face_evaluator - DEBUG -   Resolution Score=30750 px => 0.061
2025-04-02 17:28:38,094 - face_evaluator - DEBUG -   => final_score=0.536
2025-04-02 17:28:38,121 - face_evaluator - DEBUG - ./output/clustered_faces/person_3/frame_125_face_2.jpg
2025-04-02 17:28:38,121 - face_evaluator - DEBUG -   Sharpness=11.4 => 0.01
2025-04-02 17:28:38,121 - face_evaluator - DEBUG -   Brightness=104.5 => 0.82
2025-04-02 17:28:38,121 - face_evaluator - DEBUG -   Coverage=0.828
2025-04-02 17:28:38,122 - face_evaluator - DEBUG -   CenterDist=0.148 => 0.852
2025-04-02 17:28:38,122 - face_evaluator - DEBUG -   Frontalness=0.692
2025-04-02 17:28:38,122 - face_evaluator - DEBUG -   EyesOpen=0.537
2025-04-02 17:28:38,122 - face_evaluator - DEBUG -   Resolution Score=30300 px => 0.061
2025-04-02 17:28:38,122 - face_evaluator - DEBUG -   => final_score=0.535
2025-04-02 17:28:38,146 - face_evaluator - DEBUG - ./output/clustered_faces/person_3/frame_120_face_0.jpg
2025-04-02 17:28:38,146 - face_evaluator - DEBUG -   Sharpness=12.4 => 0.01
2025-04-02 17:28:38,146 - face_evaluator - DEBUG -   Brightness=104.6 => 0.82
2025-04-02 17:28:38,146 - face_evaluator - DEBUG -   Coverage=0.891
2025-04-02 17:28:38,146 - face_evaluator - DEBUG -   CenterDist=0.145 => 0.855
2025-04-02 17:28:38,146 - face_evaluator - DEBUG -   Frontalness=0.767
2025-04-02 17:28:38,146 - face_evaluator - DEBUG -   EyesOpen=0.371
2025-04-02 17:28:38,146 - face_evaluator - DEBUG -   Resolution Score=30300 px => 0.061
2025-04-02 17:28:38,146 - face_evaluator - DEBUG -   => final_score=0.533
2025-04-02 17:28:38,173 - face_evaluator - DEBUG - ./output/clustered_faces/person_3/frame_215_face_3.jpg
2025-04-02 17:28:38,173 - face_evaluator - DEBUG -   Sharpness=11.6 => 0.01
2025-04-02 17:28:38,173 - face_evaluator - DEBUG -   Brightness=102.9 => 0.80
2025-04-02 17:28:38,173 - face_evaluator - DEBUG -   Coverage=0.949
2025-04-02 17:28:38,173 - face_evaluator - DEBUG -   CenterDist=0.120 => 0.880
2025-04-02 17:28:38,173 - face_evaluator - DEBUG -   Frontalness=0.651
2025-04-02 17:28:38,173 - face_evaluator - DEBUG -   EyesOpen=0.821
2025-04-02 17:28:38,173 - face_evaluator - DEBUG -   Resolution Score=30900 px => 0.062
2025-04-02 17:28:38,173 - face_evaluator - DEBUG -   => final_score=0.586
2025-04-02 17:28:38,200 - face_evaluator - DEBUG - ./output/clustered_faces/person_3/frame_10_face_1.jpg
2025-04-02 17:28:38,200 - face_evaluator - DEBUG -   Sharpness=12.8 => 0.01
2025-04-02 17:28:38,200 - face_evaluator - DEBUG -   Brightness=105.1 => 0.82
2025-04-02 17:28:38,200 - face_evaluator - DEBUG -   Coverage=0.652
2025-04-02 17:28:38,200 - face_evaluator - DEBUG -   CenterDist=0.149 => 0.851
2025-04-02 17:28:38,200 - face_evaluator - DEBUG -   Frontalness=0.876
2025-04-02 17:28:38,200 - face_evaluator - DEBUG -   EyesOpen=0.820
2025-04-02 17:28:38,200 - face_evaluator - DEBUG -   Resolution Score=31350 px => 0.063
2025-04-02 17:28:38,200 - face_evaluator - DEBUG -   => final_score=0.570
2025-04-02 17:28:38,227 - face_evaluator - DEBUG - ./output/clustered_faces/person_3/frame_35_face_3.jpg
2025-04-02 17:28:38,227 - face_evaluator - DEBUG -   Sharpness=11.4 => 0.01
2025-04-02 17:28:38,227 - face_evaluator - DEBUG -   Brightness=103.7 => 0.81
2025-04-02 17:28:38,227 - face_evaluator - DEBUG -   Coverage=0.699
2025-04-02 17:28:38,228 - face_evaluator - DEBUG -   CenterDist=0.143 => 0.857
2025-04-02 17:28:38,228 - face_evaluator - DEBUG -   Frontalness=0.936
2025-04-02 17:28:38,228 - face_evaluator - DEBUG -   EyesOpen=0.752
2025-04-02 17:28:38,228 - face_evaluator - DEBUG -   Resolution Score=32550 px => 0.065
2025-04-02 17:28:38,228 - face_evaluator - DEBUG -   => final_score=0.575
2025-04-02 17:28:38,254 - face_evaluator - DEBUG - ./output/clustered_faces/person_3/frame_70_face_1.jpg
2025-04-02 17:28:38,254 - face_evaluator - DEBUG -   Sharpness=11.3 => 0.01
2025-04-02 17:28:38,254 - face_evaluator - DEBUG -   Brightness=104.5 => 0.82
2025-04-02 17:28:38,254 - face_evaluator - DEBUG -   Coverage=0.753
2025-04-02 17:28:38,254 - face_evaluator - DEBUG -   CenterDist=0.063 => 0.937
2025-04-02 17:28:38,254 - face_evaluator - DEBUG -   Frontalness=0.944
2025-04-02 17:28:38,254 - face_evaluator - DEBUG -   EyesOpen=0.833
2025-04-02 17:28:38,254 - face_evaluator - DEBUG -   Resolution Score=31500 px => 0.063
2025-04-02 17:28:38,254 - face_evaluator - DEBUG -   => final_score=0.606
2025-04-02 17:28:38,281 - face_evaluator - DEBUG - ./output/clustered_faces/person_3/frame_100_face_3.jpg
2025-04-02 17:28:38,282 - face_evaluator - DEBUG -   Sharpness=12.3 => 0.01
2025-04-02 17:28:38,282 - face_evaluator - DEBUG -   Brightness=102.9 => 0.80
2025-04-02 17:28:38,282 - face_evaluator - DEBUG -   Coverage=0.800
2025-04-02 17:28:38,282 - face_evaluator - DEBUG -   CenterDist=0.133 => 0.867
2025-04-02 17:28:38,282 - face_evaluator - DEBUG -   Frontalness=0.727
2025-04-02 17:28:38,282 - face_evaluator - DEBUG -   EyesOpen=0.340
2025-04-02 17:28:38,282 - face_evaluator - DEBUG -   Resolution Score=32100 px => 0.064
2025-04-02 17:28:38,282 - face_evaluator - DEBUG -   => final_score=0.510
2025-04-02 17:28:38,309 - face_evaluator - DEBUG - ./output/clustered_faces/person_3/frame_20_face_0.jpg
2025-04-02 17:28:38,309 - face_evaluator - DEBUG -   Sharpness=11.4 => 0.01
2025-04-02 17:28:38,309 - face_evaluator - DEBUG -   Brightness=104.9 => 0.82
2025-04-02 17:28:38,309 - face_evaluator - DEBUG -   Coverage=0.601
2025-04-02 17:28:38,309 - face_evaluator - DEBUG -   CenterDist=0.152 => 0.848
2025-04-02 17:28:38,309 - face_evaluator - DEBUG -   Frontalness=0.951
2025-04-02 17:28:38,309 - face_evaluator - DEBUG -   EyesOpen=0.640
2025-04-02 17:28:38,309 - face_evaluator - DEBUG -   Resolution Score=32100 px => 0.064
2025-04-02 17:28:38,309 - face_evaluator - DEBUG -   => final_score=0.548
2025-04-02 17:28:38,333 - face_evaluator - DEBUG - ./output/clustered_faces/person_3/frame_255_face_1.jpg
2025-04-02 17:28:38,333 - face_evaluator - DEBUG -   Sharpness=11.2 => 0.01
2025-04-02 17:28:38,334 - face_evaluator - DEBUG -   Brightness=103.2 => 0.81
2025-04-02 17:28:38,334 - face_evaluator - DEBUG -   Coverage=0.900
2025-04-02 17:28:38,334 - face_evaluator - DEBUG -   CenterDist=0.093 => 0.907
2025-04-02 17:28:38,334 - face_evaluator - DEBUG -   Frontalness=0.575
2025-04-02 17:28:38,334 - face_evaluator - DEBUG -   EyesOpen=0.346
2025-04-02 17:28:38,334 - face_evaluator - DEBUG -   Resolution Score=31350 px => 0.063
2025-04-02 17:28:38,334 - face_evaluator - DEBUG -   => final_score=0.511
2025-04-02 17:28:38,358 - face_evaluator - DEBUG - ./output/clustered_faces/person_3/frame_210_face_1.jpg
2025-04-02 17:28:38,358 - face_evaluator - DEBUG -   Sharpness=12.0 => 0.01
2025-04-02 17:28:38,358 - face_evaluator - DEBUG -   Brightness=103.2 => 0.81
2025-04-02 17:28:38,358 - face_evaluator - DEBUG -   Coverage=0.972
2025-04-02 17:28:38,358 - face_evaluator - DEBUG -   CenterDist=0.110 => 0.890
2025-04-02 17:28:38,358 - face_evaluator - DEBUG -   Frontalness=0.655
2025-04-02 17:28:38,358 - face_evaluator - DEBUG -   EyesOpen=0.835
2025-04-02 17:28:38,358 - face_evaluator - DEBUG -   Resolution Score=30750 px => 0.061
2025-04-02 17:28:38,358 - face_evaluator - DEBUG -   => final_score=0.594
2025-04-02 17:28:38,382 - face_evaluator - DEBUG - ./output/clustered_faces/person_3/frame_250_face_3.jpg
2025-04-02 17:28:38,383 - face_evaluator - DEBUG -   Sharpness=11.2 => 0.01
2025-04-02 17:28:38,383 - face_evaluator - DEBUG -   Brightness=103.2 => 0.81
2025-04-02 17:28:38,383 - face_evaluator - DEBUG -   Coverage=0.899
2025-04-02 17:28:38,383 - face_evaluator - DEBUG -   CenterDist=0.119 => 0.881
2025-04-02 17:28:38,383 - face_evaluator - DEBUG -   Frontalness=0.725
2025-04-02 17:28:38,383 - face_evaluator - DEBUG -   EyesOpen=0.347
2025-04-02 17:28:38,383 - face_evaluator - DEBUG -   Resolution Score=30750 px => 0.061
2025-04-02 17:28:38,383 - face_evaluator - DEBUG -   => final_score=0.527
2025-04-02 17:28:38,406 - face_evaluator - DEBUG - ./output/clustered_faces/person_3/frame_105_face_3.jpg
2025-04-02 17:28:38,406 - face_evaluator - DEBUG -   Sharpness=13.0 => 0.01
2025-04-02 17:28:38,407 - face_evaluator - DEBUG -   Brightness=104.4 => 0.82
2025-04-02 17:28:38,407 - face_evaluator - DEBUG -   Coverage=0.813
2025-04-02 17:28:38,407 - face_evaluator - DEBUG -   CenterDist=0.101 => 0.899
2025-04-02 17:28:38,407 - face_evaluator - DEBUG -   Frontalness=0.727
2025-04-02 17:28:38,407 - face_evaluator - DEBUG -   EyesOpen=0.375
2025-04-02 17:28:38,407 - face_evaluator - DEBUG -   Resolution Score=30750 px => 0.061
2025-04-02 17:28:38,407 - face_evaluator - DEBUG -   => final_score=0.522
2025-04-02 17:28:38,431 - face_evaluator - DEBUG - ./output/clustered_faces/person_3/frame_165_face_3.jpg
2025-04-02 17:28:38,431 - face_evaluator - DEBUG -   Sharpness=11.4 => 0.01
2025-04-02 17:28:38,431 - face_evaluator - DEBUG -   Brightness=104.6 => 0.82
2025-04-02 17:28:38,431 - face_evaluator - DEBUG -   Coverage=0.918
2025-04-02 17:28:38,431 - face_evaluator - DEBUG -   CenterDist=0.062 => 0.938
2025-04-02 17:28:38,431 - face_evaluator - DEBUG -   Frontalness=0.594
2025-04-02 17:28:38,431 - face_evaluator - DEBUG -   EyesOpen=0.648
2025-04-02 17:28:38,431 - face_evaluator - DEBUG -   Resolution Score=30750 px => 0.061
2025-04-02 17:28:38,431 - face_evaluator - DEBUG -   => final_score=0.561
2025-04-02 17:28:38,458 - face_evaluator - DEBUG - ./output/clustered_faces/person_3/frame_30_face_3.jpg
2025-04-02 17:28:38,458 - face_evaluator - DEBUG -   Sharpness=11.7 => 0.01
2025-04-02 17:28:38,458 - face_evaluator - DEBUG -   Brightness=104.2 => 0.81
2025-04-02 17:28:38,458 - face_evaluator - DEBUG -   Coverage=0.651
2025-04-02 17:28:38,458 - face_evaluator - DEBUG -   CenterDist=0.130 => 0.870
2025-04-02 17:28:38,458 - face_evaluator - DEBUG -   Frontalness=0.989
2025-04-02 17:28:38,458 - face_evaluator - DEBUG -   EyesOpen=0.785
2025-04-02 17:28:38,458 - face_evaluator - DEBUG -   Resolution Score=31950 px => 0.064
2025-04-02 17:28:38,458 - face_evaluator - DEBUG -   => final_score=0.581
2025-04-02 17:28:38,483 - face_evaluator - DEBUG - ./output/clustered_faces/person_3/frame_115_face_3.jpg
2025-04-02 17:28:38,483 - face_evaluator - DEBUG -   Sharpness=12.4 => 0.01
2025-04-02 17:28:38,483 - face_evaluator - DEBUG -   Brightness=102.9 => 0.80
2025-04-02 17:28:38,483 - face_evaluator - DEBUG -   Coverage=0.882
2025-04-02 17:28:38,483 - face_evaluator - DEBUG -   CenterDist=0.094 => 0.906
2025-04-02 17:28:38,483 - face_evaluator - DEBUG -   Frontalness=0.812
2025-04-02 17:28:38,483 - face_evaluator - DEBUG -   EyesOpen=0.554
2025-04-02 17:28:38,483 - face_evaluator - DEBUG -   Resolution Score=31950 px => 0.064
2025-04-02 17:28:38,483 - face_evaluator - DEBUG -   => final_score=0.566
2025-04-02 17:28:38,510 - face_evaluator - DEBUG - ./output/clustered_faces/person_3/frame_45_face_3.jpg
2025-04-02 17:28:38,510 - face_evaluator - DEBUG -   Sharpness=11.8 => 0.01
2025-04-02 17:28:38,510 - face_evaluator - DEBUG -   Brightness=105.1 => 0.82
2025-04-02 17:28:38,510 - face_evaluator - DEBUG -   Coverage=0.643
2025-04-02 17:28:38,510 - face_evaluator - DEBUG -   CenterDist=0.144 => 0.856
2025-04-02 17:28:38,510 - face_evaluator - DEBUG -   Frontalness=0.943
2025-04-02 17:28:38,510 - face_evaluator - DEBUG -   EyesOpen=0.725
2025-04-02 17:28:38,510 - face_evaluator - DEBUG -   Resolution Score=32550 px => 0.065
2025-04-02 17:28:38,510 - face_evaluator - DEBUG -   => final_score=0.566
2025-04-02 17:28:38,535 - face_evaluator - DEBUG - ./output/clustered_faces/person_3/frame_260_face_0.jpg
2025-04-02 17:28:38,535 - face_evaluator - DEBUG -   Sharpness=11.7 => 0.01
2025-04-02 17:28:38,535 - face_evaluator - DEBUG -   Brightness=104.2 => 0.81
2025-04-02 17:28:38,535 - face_evaluator - DEBUG -   Coverage=0.874
2025-04-02 17:28:38,535 - face_evaluator - DEBUG -   CenterDist=0.115 => 0.885
2025-04-02 17:28:38,535 - face_evaluator - DEBUG -   Frontalness=0.620
2025-04-02 17:28:38,535 - face_evaluator - DEBUG -   EyesOpen=0.466
2025-04-02 17:28:38,535 - face_evaluator - DEBUG -   Resolution Score=32700 px => 0.065
2025-04-02 17:28:38,535 - face_evaluator - DEBUG -   => final_score=0.527
2025-04-02 17:28:38,561 - face_evaluator - DEBUG - ./output/clustered_faces/person_3/frame_50_face_3.jpg
2025-04-02 17:28:38,562 - face_evaluator - DEBUG -   Sharpness=12.1 => 0.01
2025-04-02 17:28:38,562 - face_evaluator - DEBUG -   Brightness=104.3 => 0.82
2025-04-02 17:28:38,562 - face_evaluator - DEBUG -   Coverage=0.824
2025-04-02 17:28:38,562 - face_evaluator - DEBUG -   CenterDist=0.082 => 0.918
2025-04-02 17:28:38,562 - face_evaluator - DEBUG -   Frontalness=0.821
2025-04-02 17:28:38,562 - face_evaluator - DEBUG -   EyesOpen=0.788
2025-04-02 17:28:38,562 - face_evaluator - DEBUG -   Resolution Score=31950 px => 0.064
2025-04-02 17:28:38,562 - face_evaluator - DEBUG -   => final_score=0.592
2025-04-02 17:28:38,586 - face_evaluator - DEBUG - ./output/clustered_faces/person_3/frame_285_face_3.jpg
2025-04-02 17:28:38,586 - face_evaluator - DEBUG -   Sharpness=10.8 => 0.01
2025-04-02 17:28:38,586 - face_evaluator - DEBUG -   Brightness=104.5 => 0.82
2025-04-02 17:28:38,586 - face_evaluator - DEBUG -   Coverage=0.904
2025-04-02 17:28:38,586 - face_evaluator - DEBUG -   CenterDist=0.187 => 0.813
2025-04-02 17:28:38,586 - face_evaluator - DEBUG -   Frontalness=0.457
2025-04-02 17:28:38,586 - face_evaluator - DEBUG -   EyesOpen=0.419
2025-04-02 17:28:38,586 - face_evaluator - DEBUG -   Resolution Score=32100 px => 0.064
2025-04-02 17:28:38,586 - face_evaluator - DEBUG -   => final_score=0.495
2025-04-02 17:28:38,610 - face_evaluator - DEBUG - ./output/clustered_faces/person_3/frame_180_face_2.jpg
2025-04-02 17:28:38,610 - face_evaluator - DEBUG -   Sharpness=12.6 => 0.01
2025-04-02 17:28:38,610 - face_evaluator - DEBUG -   Brightness=104.1 => 0.81
2025-04-02 17:28:38,610 - face_evaluator - DEBUG -   Coverage=1.045
2025-04-02 17:28:38,610 - face_evaluator - DEBUG -   CenterDist=0.114 => 0.886
2025-04-02 17:28:38,610 - face_evaluator - DEBUG -   Frontalness=0.592
2025-04-02 17:28:38,610 - face_evaluator - DEBUG -   EyesOpen=0.585
2025-04-02 17:28:38,610 - face_evaluator - DEBUG -   Resolution Score=31050 px => 0.062
2025-04-02 17:28:38,610 - face_evaluator - DEBUG -   => final_score=0.565
2025-04-02 17:28:38,637 - face_evaluator - DEBUG - ./output/clustered_faces/person_3/frame_25_face_3.jpg
2025-04-02 17:28:38,637 - face_evaluator - DEBUG -   Sharpness=11.9 => 0.01
2025-04-02 17:28:38,637 - face_evaluator - DEBUG -   Brightness=104.0 => 0.81
2025-04-02 17:28:38,637 - face_evaluator - DEBUG -   Coverage=0.744
2025-04-02 17:28:38,637 - face_evaluator - DEBUG -   CenterDist=0.148 => 0.852
2025-04-02 17:28:38,637 - face_evaluator - DEBUG -   Frontalness=0.895
2025-04-02 17:28:38,637 - face_evaluator - DEBUG -   EyesOpen=0.807
2025-04-02 17:28:38,638 - face_evaluator - DEBUG -   Resolution Score=31350 px => 0.063
2025-04-02 17:28:38,638 - face_evaluator - DEBUG -   => final_score=0.583
2025-04-02 17:28:38,662 - face_evaluator - DEBUG - ./output/clustered_faces/person_3/frame_95_face_2.jpg
2025-04-02 17:28:38,662 - face_evaluator - DEBUG -   Sharpness=13.3 => 0.01
2025-04-02 17:28:38,662 - face_evaluator - DEBUG -   Brightness=105.4 => 0.82
2025-04-02 17:28:38,662 - face_evaluator - DEBUG -   Coverage=0.848
2025-04-02 17:28:38,662 - face_evaluator - DEBUG -   CenterDist=0.106 => 0.894
2025-04-02 17:28:38,662 - face_evaluator - DEBUG -   Frontalness=0.925
2025-04-02 17:28:38,662 - face_evaluator - DEBUG -   EyesOpen=0.351
2025-04-02 17:28:38,662 - face_evaluator - DEBUG -   Resolution Score=30900 px => 0.062
2025-04-02 17:28:38,662 - face_evaluator - DEBUG -   => final_score=0.551
2025-04-02 17:28:38,689 - face_evaluator - DEBUG - ./output/clustered_faces/person_3/frame_80_face_0.jpg
2025-04-02 17:28:38,689 - face_evaluator - DEBUG -   Sharpness=11.3 => 0.01
2025-04-02 17:28:38,689 - face_evaluator - DEBUG -   Brightness=104.0 => 0.81
2025-04-02 17:28:38,689 - face_evaluator - DEBUG -   Coverage=0.746
2025-04-02 17:28:38,689 - face_evaluator - DEBUG -   CenterDist=0.056 => 0.944
2025-04-02 17:28:38,689 - face_evaluator - DEBUG -   Frontalness=0.956
2025-04-02 17:28:38,689 - face_evaluator - DEBUG -   EyesOpen=0.785
2025-04-02 17:28:38,689 - face_evaluator - DEBUG -   Resolution Score=30900 px => 0.062
2025-04-02 17:28:38,689 - face_evaluator - DEBUG -   => final_score=0.600
2025-04-02 17:28:38,713 - face_evaluator - DEBUG - ./output/clustered_faces/person_3/frame_235_face_1.jpg
2025-04-02 17:28:38,714 - face_evaluator - DEBUG -   Sharpness=12.7 => 0.01
2025-04-02 17:28:38,714 - face_evaluator - DEBUG -   Brightness=101.6 => 0.79
2025-04-02 17:28:38,714 - face_evaluator - DEBUG -   Coverage=0.956
2025-04-02 17:28:38,714 - face_evaluator - DEBUG -   CenterDist=0.127 => 0.873
2025-04-02 17:28:38,714 - face_evaluator - DEBUG -   Frontalness=0.780
2025-04-02 17:28:38,714 - face_evaluator - DEBUG -   EyesOpen=0.185
2025-04-02 17:28:38,714 - face_evaluator - DEBUG -   Resolution Score=31050 px => 0.062
2025-04-02 17:28:38,714 - face_evaluator - DEBUG -   => final_score=0.519
2025-04-02 17:28:38,741 - face_evaluator - DEBUG - ./output/clustered_faces/person_3/frame_110_face_3.jpg
2025-04-02 17:28:38,741 - face_evaluator - DEBUG -   Sharpness=12.8 => 0.01
2025-04-02 17:28:38,741 - face_evaluator - DEBUG -   Brightness=104.3 => 0.82
2025-04-02 17:28:38,741 - face_evaluator - DEBUG -   Coverage=0.829
2025-04-02 17:28:38,741 - face_evaluator - DEBUG -   CenterDist=0.119 => 0.881
2025-04-02 17:28:38,741 - face_evaluator - DEBUG -   Frontalness=0.665
2025-04-02 17:28:38,741 - face_evaluator - DEBUG -   EyesOpen=0.367
2025-04-02 17:28:38,741 - face_evaluator - DEBUG -   Resolution Score=32100 px => 0.064
2025-04-02 17:28:38,741 - face_evaluator - DEBUG -   => final_score=0.513
2025-04-02 17:28:38,765 - face_evaluator - DEBUG - ./output/clustered_faces/person_3/frame_230_face_0.jpg
2025-04-02 17:28:38,765 - face_evaluator - DEBUG -   Sharpness=11.6 => 0.01
2025-04-02 17:28:38,765 - face_evaluator - DEBUG -   Brightness=101.8 => 0.80
2025-04-02 17:28:38,765 - face_evaluator - DEBUG -   Coverage=1.063
2025-04-02 17:28:38,765 - face_evaluator - DEBUG -   CenterDist=0.155 => 0.845
2025-04-02 17:28:38,765 - face_evaluator - DEBUG -   Frontalness=0.712
2025-04-02 17:28:38,765 - face_evaluator - DEBUG -   EyesOpen=0.345
2025-04-02 17:28:38,765 - face_evaluator - DEBUG -   Resolution Score=30900 px => 0.062
2025-04-02 17:28:38,765 - face_evaluator - DEBUG -   => final_score=0.544
2025-04-02 17:28:38,790 - face_evaluator - DEBUG - ./output/clustered_faces/person_3/frame_160_face_3.jpg
2025-04-02 17:28:38,790 - face_evaluator - DEBUG -   Sharpness=11.6 => 0.01
2025-04-02 17:28:38,790 - face_evaluator - DEBUG -   Brightness=103.6 => 0.81
2025-04-02 17:28:38,790 - face_evaluator - DEBUG -   Coverage=0.997
2025-04-02 17:28:38,790 - face_evaluator - DEBUG -   CenterDist=0.118 => 0.882
2025-04-02 17:28:38,790 - face_evaluator - DEBUG -   Frontalness=0.628
2025-04-02 17:28:38,790 - face_evaluator - DEBUG -   EyesOpen=0.602
2025-04-02 17:28:38,790 - face_evaluator - DEBUG -   Resolution Score=29550 px => 0.059
2025-04-02 17:28:38,790 - face_evaluator - DEBUG -   => final_score=0.563
2025-04-02 17:28:38,817 - face_evaluator - DEBUG - ./output/clustered_faces/person_3/frame_40_face_3.jpg
2025-04-02 17:28:38,817 - face_evaluator - DEBUG -   Sharpness=11.0 => 0.01
2025-04-02 17:28:38,817 - face_evaluator - DEBUG -   Brightness=104.0 => 0.81
2025-04-02 17:28:38,817 - face_evaluator - DEBUG -   Coverage=0.625
2025-04-02 17:28:38,817 - face_evaluator - DEBUG -   CenterDist=0.121 => 0.879
2025-04-02 17:28:38,817 - face_evaluator - DEBUG -   Frontalness=0.752
2025-04-02 17:28:38,817 - face_evaluator - DEBUG -   EyesOpen=0.800
2025-04-02 17:28:38,817 - face_evaluator - DEBUG -   Resolution Score=32550 px => 0.065
2025-04-02 17:28:38,817 - face_evaluator - DEBUG -   => final_score=0.550
2025-04-02 17:28:38,844 - face_evaluator - DEBUG - ./output/clustered_faces/person_3/frame_195_face_0.jpg
2025-04-02 17:28:38,844 - face_evaluator - DEBUG -   Sharpness=11.1 => 0.01
2025-04-02 17:28:38,844 - face_evaluator - DEBUG -   Brightness=102.4 => 0.80
2025-04-02 17:28:38,844 - face_evaluator - DEBUG -   Coverage=0.924
2025-04-02 17:28:38,844 - face_evaluator - DEBUG -   CenterDist=0.139 => 0.861
2025-04-02 17:28:38,844 - face_evaluator - DEBUG -   Frontalness=0.746
2025-04-02 17:28:38,844 - face_evaluator - DEBUG -   EyesOpen=0.573
2025-04-02 17:28:38,844 - face_evaluator - DEBUG -   Resolution Score=30150 px => 0.060
2025-04-02 17:28:38,844 - face_evaluator - DEBUG -   => final_score=0.559
2025-04-02 17:28:38,869 - face_evaluator - DEBUG - ./output/clustered_faces/person_3/frame_135_face_3.jpg
2025-04-02 17:28:38,869 - face_evaluator - DEBUG -   Sharpness=12.1 => 0.01
2025-04-02 17:28:38,869 - face_evaluator - DEBUG -   Brightness=105.3 => 0.82
2025-04-02 17:28:38,869 - face_evaluator - DEBUG -   Coverage=0.892
2025-04-02 17:28:38,869 - face_evaluator - DEBUG -   CenterDist=0.108 => 0.892
2025-04-02 17:28:38,869 - face_evaluator - DEBUG -   Frontalness=0.624
2025-04-02 17:28:38,869 - face_evaluator - DEBUG -   EyesOpen=0.831
2025-04-02 17:28:38,869 - face_evaluator - DEBUG -   Resolution Score=30300 px => 0.061
2025-04-02 17:28:38,869 - face_evaluator - DEBUG -   => final_score=0.580
2025-04-02 17:28:38,893 - face_evaluator - DEBUG - ./output/clustered_faces/person_3/frame_175_face_3.jpg
2025-04-02 17:28:38,894 - face_evaluator - DEBUG -   Sharpness=11.9 => 0.01
2025-04-02 17:28:38,894 - face_evaluator - DEBUG -   Brightness=104.8 => 0.82
2025-04-02 17:28:38,894 - face_evaluator - DEBUG -   Coverage=1.075
2025-04-02 17:28:38,894 - face_evaluator - DEBUG -   CenterDist=0.086 => 0.914
2025-04-02 17:28:38,894 - face_evaluator - DEBUG -   Frontalness=0.593
2025-04-02 17:28:38,894 - face_evaluator - DEBUG -   EyesOpen=0.643
2025-04-02 17:28:38,894 - face_evaluator - DEBUG -   Resolution Score=30000 px => 0.060
2025-04-02 17:28:38,894 - face_evaluator - DEBUG -   => final_score=0.581
2025-04-02 17:28:38,918 - face_evaluator - DEBUG - ./output/clustered_faces/person_3/frame_75_face_2.jpg
2025-04-02 17:28:38,918 - face_evaluator - DEBUG -   Sharpness=11.9 => 0.01
2025-04-02 17:28:38,918 - face_evaluator - DEBUG -   Brightness=103.7 => 0.81
2025-04-02 17:28:38,918 - face_evaluator - DEBUG -   Coverage=0.791
2025-04-02 17:28:38,918 - face_evaluator - DEBUG -   CenterDist=0.153 => 0.847
2025-04-02 17:28:38,918 - face_evaluator - DEBUG -   Frontalness=0.862
2025-04-02 17:28:38,918 - face_evaluator - DEBUG -   EyesOpen=0.792
2025-04-02 17:28:38,918 - face_evaluator - DEBUG -   Resolution Score=30750 px => 0.061
2025-04-02 17:28:38,918 - face_evaluator - DEBUG -   => final_score=0.583
2025-04-02 17:28:38,942 - face_evaluator - DEBUG - ./output/clustered_faces/person_3/frame_205_face_3.jpg
2025-04-02 17:28:38,942 - face_evaluator - DEBUG -   Sharpness=11.8 => 0.01
2025-04-02 17:28:38,942 - face_evaluator - DEBUG -   Brightness=103.6 => 0.81
2025-04-02 17:28:38,942 - face_evaluator - DEBUG -   Coverage=0.892
2025-04-02 17:28:38,942 - face_evaluator - DEBUG -   CenterDist=0.121 => 0.879
2025-04-02 17:28:38,942 - face_evaluator - DEBUG -   Frontalness=0.695
2025-04-02 17:28:38,942 - face_evaluator - DEBUG -   EyesOpen=0.771
2025-04-02 17:28:38,943 - face_evaluator - DEBUG -   Resolution Score=30900 px => 0.062
2025-04-02 17:28:38,943 - face_evaluator - DEBUG -   => final_score=0.578
